"farmer_ID","trader_ID","MCC_ID","today","district","farmer.tot_prod","farmer.tot_sold","farmer.tot_sold_trader","farmer.trader_link","farmer.rejected_week","farmer.rejected_month","farmer.bett_prc","farmer.used_bran","farmer.used_residu","farmer.used_lick","farmer.used_cgrazing","treat","q_sold_1","q_sold_2","q_sold_3","q_sold_4","q_sold_5","q_sold_6","checked_1","checked_2","checked_3","checked_4","checked_5","checked_6","checked_how_1","checked_how_2","checked_how_3","checked_how_4","checked_how_5","checked_how_6","p_sold_1","p_sold_2","p_sold_3","p_sold_4","p_sold_5","p_sold_6"
"F_294","T_001","MCC_016","2025-12-05","Kazo",75,55,55,4,0,0,2,1,2,1,1,0,55,55,55,NA,NA,NA,2,2,2,NA,NA,NA,NA,NA,NA,NA,NA,NA,950,950,950,NA,NA,NA
"F_040","T_001","MCC_016","2025-12-05","Kazo",122,111,111,5,0,0,2,2,2,1,1,0,113,111,112,NA,NA,NA,2,2,2,NA,NA,NA,NA,NA,NA,NA,NA,NA,1000,1000,1000,NA,NA,NA
"F_159","T_001","MCC_016","2025-12-05","Kazo",450,400,200,4,0,0,2,2,2,1,1,0,200,200,200,NA,NA,NA,2,2,2,NA,NA,NA,NA,NA,NA,NA,NA,NA,900,900,900,NA,NA,NA
"F_360","T_001","MCC_016","2025-12-05","Kazo",85,70,40,4,0,0,2,2,2,1,1,0,38,40,33,NA,NA,NA,2,2,2,NA,NA,NA,NA,NA,NA,NA,NA,NA,950,950,950,NA,NA,NA
"F_151","T_002","MCC_003","2025-12-05","Kazo",36,29,29,6,0,0,2,2,2,2,2,0,29,19,29,NA,NA,NA,2,2,2,NA,NA,NA,NA,NA,NA,NA,NA,NA,1050,1050,1050,NA,NA,NA
"F_236","T_002","MCC_003","2025-12-05","Kazo",50,47,47,5,0,0,2,2,2,2,2,0,44,47,43,NA,NA,NA,1,1,2,NA,NA,NA,"Lactometer","Lactometer",NA,NA,NA,NA,1000,1000,1000,NA,NA,NA
"F_247","T_002","MCC_003","2025-12-05","Kazo",70,50,50,6,0,0,2,2,2,2,2,0,50,50,50,NA,NA,NA,2,2,2,NA,NA,NA,NA,NA,NA,NA,NA,NA,1050,1050,1050,NA,NA,NA
"F_144","T_002","MCC_003","2025-12-05","Kazo",46,39,39,6,0,0,2,2,2,2,2,0,39,31,39,NA,NA,NA,1,1,1,NA,NA,NA,"Lactometer","Lactometer","Lactometer",NA,NA,NA,1050,1050,1050,NA,NA,NA
"F_324","T_002","MCC_003","2025-12-05","Kazo",70,52,52,6,0,0,2,2,2,2,2,0,51,55,52,NA,NA,NA,2,1,1,NA,NA,NA,NA,"Lactometer","Lactometer",NA,NA,NA,1000,1000,1000,NA,NA,NA
"F_207","T_003","MCC_014","2025-12-04","Kiruhura",30,20,20,4,0,0,2,2,2,2,1,1,25,20,20,NA,NA,NA,1,1,1,NA,NA,NA,"Lactometer","Lactometer","Lactometer",NA,NA,NA,900,900,900,NA,NA,NA
"F_351","T_003","MCC_014","2025-12-04","Kiruhura",48,43,43,5,0,0,1,2,2,2,2,1,43,42,42,NA,NA,NA,1,1,1,NA,NA,NA,"Lactometer","Lactometer","Lactometer",NA,NA,NA,800,800,800,NA,NA,NA
"F_267","T_003","MCC_014","2025-12-04","Kiruhura",180,100,100,4,0,0,2,2,2,2,2,1,100,100,100,NA,NA,NA,1,1,1,NA,NA,NA,"Lactometer","Lactometer","Lactometer",NA,NA,NA,900,900,900,NA,NA,NA
"F_361","T_004","MCC_019","2025-12-03","Kiruhura",30,20,20,3,0,0,2,1,1,2,1,1,20,20,20,NA,NA,NA,2,2,2,NA,NA,NA,NA,NA,NA,NA,NA,NA,900,900,900,NA,NA,NA
"F_110","T_004","MCC_019","2025-12-03","Kiruhura",60,60,60,4,0,0,2,2,2,1,2,1,55,60,58,NA,NA,NA,2,2,2,NA,NA,NA,NA,NA,NA,NA,NA,NA,900,900,900,NA,NA,NA
"F_384","T_004","MCC_019","2025-12-03","Kiruhura",30,20,20,5,0,0,2,2,2,1,2,1,20,20,20,NA,NA,NA,2,2,2,NA,NA,NA,NA,NA,NA,NA,NA,NA,900,900,900,NA,NA,NA
"F_326","T_004","MCC_019","2025-12-03","Kiruhura",62,42,42,5,0,0,2,2,2,1,2,1,51,42,40,NA,NA,NA,2,2,2,NA,NA,NA,NA,NA,NA,NA,NA,NA,900,900,900,NA,NA,NA
"F_072","T_004","MCC_019","2025-12-03","Kiruhura",40,35,35,4,0,0,2,1,1,1,1,1,30,35,35,NA,NA,NA,1,1,1,NA,NA,NA,"Lactometer","Lactometer","Lactometer",NA,NA,NA,950,900,900,NA,NA,NA
"F_221","T_005","MCC_007","2025-12-04","Kiruhura",150,130,130,5,0,0,2,1,2,1,1,0,130,140,140,NA,NA,NA,2,2,2,NA,NA,NA,NA,NA,NA,NA,NA,NA,1000,1000,1000,NA,NA,NA
"F_208","T_005","MCC_007","2025-12-04","Kiruhura",80,59,59,5,0,0,2,2,2,1,1,0,59,48,55,NA,NA,NA,1,2,2,NA,NA,NA,"Lactometer",NA,NA,NA,NA,NA,950,950,950,NA,NA,NA
"F_058","T_005","MCC_007","2025-12-03","Kiruhura",25,20,20,4,0,0,2,2,2,1,2,0,20,18,18,NA,NA,NA,2,2,2,NA,NA,NA,NA,NA,NA,NA,NA,NA,900,900,900,NA,NA,NA
"F_410","T_006","MCC_019","2025-12-03","Kiruhura",23,10,10,4,0,0,2,2,2,1,2,1,9,10,8,NA,NA,NA,1,1,1,NA,NA,NA,"Lactometer","Lactometer","Lactometer",NA,NA,NA,900,900,900,NA,NA,NA
"F_024","T_006","MCC_019","2025-12-03","Kiruhura",65,50,50,4,0,0,2,2,2,1,2,1,50,50,50,NA,NA,NA,1,1,1,NA,NA,NA,"Lactometer","Lactometer","Lactometer",NA,NA,NA,1000,1000,1000,NA,NA,NA
"F_147","T_006","MCC_019","2025-12-03","Kiruhura",350,315,15,5,0,0,2,2,2,1,1,1,15,15,15,NA,NA,NA,2,2,2,NA,NA,NA,NA,NA,NA,NA,NA,NA,850,850,850,NA,NA,NA
"F_346","T_006","MCC_019","2025-12-03","Kiruhura",70,54,54,5,0,0,2,2,2,1,2,1,52,54,54,NA,NA,NA,1,1,1,NA,NA,NA,"Lactometer","Lactometer","Lactometer",NA,NA,NA,900,900,900,NA,NA,NA
"F_045","T_006","MCC_019","2025-12-03","Kiruhura",10,6,6,4,0,0,2,2,2,1,1,1,7,6,7,NA,NA,NA,2,2,2,NA,NA,NA,NA,NA,NA,NA,NA,NA,900,900,900,NA,NA,NA
"F_269","T_007","MCC_005","2025-12-05","Kazo",20,15,15,6,0,0,2,2,2,1,1,1,15,15,15,NA,NA,NA,1,1,1,NA,NA,NA,"Lactometer","Lactometer","Lactometer",NA,NA,NA,850,850,850,NA,NA,NA
"F_086","T_007","MCC_005","2025-12-05","Kazo",30,25,25,5,0,0,2,2,2,2,2,1,25,25,24,NA,NA,NA,2,2,2,NA,NA,NA,NA,NA,NA,NA,NA,NA,800,800,800,NA,NA,NA
"F_313","T_007","MCC_005","2025-12-05","Kazo",15,9,9,4,0,0,2,2,2,1,2,1,8,9,9,NA,NA,NA,1,1,1,NA,NA,NA,"Lactometer","Lactometer","Lactometer",NA,NA,NA,800,800,850,NA,NA,NA
"F_031","T_007","MCC_005","2025-12-05","Kazo",58,48,48,4,0,0,2,2,2,1,1,1,48,46,48,NA,NA,NA,2,2,2,NA,NA,NA,NA,NA,NA,NA,NA,NA,875,875,875,NA,NA,NA
"F_131","T_008","MCC_008","2025-12-03","Kiruhura",20,20,20,4,0,0,2,2,2,2,1,0,20,28,20,NA,NA,NA,1,1,1,NA,NA,NA,"Lactometer Alcohol Lactoscan","Lactometer Alcohol Lactoscan","Lactometer Alcohol",NA,NA,NA,900,900,900,NA,NA,NA
"F_196","T_008","MCC_008","2025-12-03","Kiruhura",150,140,140,5,0,0,2,2,2,1,1,0,80,140,100,NA,NA,NA,1,2,1,NA,NA,NA,"Lactometer",NA,"Lactometer",NA,NA,NA,900,900,900,NA,NA,NA
"F_076","T_008","MCC_008","2025-12-04","Kiruhura",28,20,10,4,0,0,2,2,2,2,2,0,10,15,20,NA,NA,NA,2,2,2,NA,NA,NA,NA,NA,NA,NA,NA,NA,900,900,900,NA,NA,NA
"F_377","T_008","MCC_008","2025-12-03","Kiruhura",43,35,35,5,0,0,2,2,2,1,1,0,30,35,40,NA,NA,NA,1,1,2,NA,NA,NA,"Lactometer","Lactometer",NA,NA,NA,NA,900,900,900,NA,NA,NA
"F_188","T_009","MCC_013","2025-12-05","Kazo",6,4,4,4,0,0,2,2,2,2,2,0,6,6,6,NA,NA,NA,2,2,2,NA,NA,NA,NA,NA,NA,NA,NA,NA,800,800,800,NA,NA,NA
"F_392","T_009","MCC_013","2025-12-05","Kazo",24,22,22,6,0,0,2,2,1,2,2,0,22,22,22,NA,NA,NA,2,2,2,NA,NA,NA,NA,NA,NA,NA,NA,NA,900,900,900,NA,NA,NA
"F_227","T_009","MCC_013","2025-12-05","Kazo",18,10,10,4,0,0,2,2,2,2,1,0,18,18,16,NA,NA,NA,1,1,1,NA,NA,NA,"Lactometer","Lactometer","Lactometer",NA,NA,NA,850,850,850,NA,NA,NA
"F_259","T_009","MCC_013","2025-12-05","Kazo",18,16,16,4,0,0,2,2,2,2,2,0,14,17,15,NA,NA,NA,1,1,1,NA,NA,NA,"Lactometer","Lactometer","Lactometer",NA,NA,NA,850,850,850,NA,NA,NA
"F_285","T_009","MCC_013","2025-12-05","Kazo",30,25,25,5,0,0,2,2,2,2,2,0,25,27,24,NA,NA,NA,1,2,1,NA,NA,NA,"Lactometer",NA,"Lactometer",NA,NA,NA,1000,1000,1000,NA,NA,NA
"F_372","T_010","MCC_001","2025-12-05","Kazo",52,37,20,5,0,0,2,2,2,1,1,0,20,18,22,NA,NA,NA,1,1,1,NA,NA,NA,"Lactometer","Lactometer","Lactometer",NA,NA,NA,900,900,900,NA,NA,NA
"F_408","T_010","MCC_001","2025-12-05","Kazo",6,4,4,4,0,0,2,2,1,1,2,0,6,6,6,NA,NA,NA,1,1,1,NA,NA,NA,"Lactometer","Lactometer","Lactometer",NA,NA,NA,900,900,900,NA,NA,NA
"F_116","T_010","MCC_001","2025-12-05","Kazo",50,40,40,6,0,0,2,2,2,1,2,0,40,40,40,NA,NA,NA,1,1,1,NA,NA,NA,"Lactometer","Lactometer","Lactometer",NA,NA,NA,900,900,900,NA,NA,NA
"F_335","T_010","MCC_001","2025-12-05","Kazo",9,8,8,4,0,0,2,2,2,1,2,0,8,9,8,NA,NA,NA,1,1,1,NA,NA,NA,"Lactometer","Lactometer","Lactometer",NA,NA,NA,900,900,900,NA,NA,NA
"F_007","T_010","MCC_001","2025-12-05","Kazo",40,36,36,5,0,0,2,2,2,1,2,0,34,36,36,NA,NA,NA,1,1,2,NA,NA,NA,"Lactometer","Lactometer",NA,NA,NA,NA,900,900,900,NA,NA,NA
"F_049","T_011","MCC_014","2025-12-08","Kiruhura",50,30,30,5,0,0,2,2,2,2,2,0,30,32,25,NA,NA,NA,1,1,1,NA,NA,NA,"Lactometer","Lactometer","Lactometer",NA,NA,NA,900,900,900,NA,NA,NA
"F_082","T_011","MCC_014","2025-12-05","Kiruhura",22,15,15,6,0,0,2,2,2,1,2,0,11,10,10,NA,NA,NA,1,1,2,NA,NA,NA,"Lactometer","Lactometer",NA,NA,NA,NA,850,900,900,NA,NA,NA
"F_064","T_011","MCC_014","2025-12-05","Kiruhura",120,100,90,6,0,0,2,2,2,1,2,0,80,900,88,NA,NA,NA,1,1,1,NA,NA,NA,"Lactometer","Lactometer","Lactometer",NA,NA,NA,900,900,900,NA,NA,NA
"F_002","T_011","MCC_014","2025-12-05","Kiruhura",70,40,20,6,0,0,2,2,2,1,2,0,20,20,22,NA,NA,NA,1,1,2,NA,NA,NA,"Lactometer","Lactometer",NA,NA,NA,NA,900,900,900,NA,NA,NA
"F_157","T_012","MCC_017","2025-12-05","Kazo",6,4,4,5,0,0,2,2,2,2,1,0,10,10,10,NA,NA,NA,2,2,2,NA,NA,NA,NA,NA,NA,NA,NA,NA,850,850,850,NA,NA,NA
"F_128","T_012","MCC_017","2025-12-05","Kazo",10,10,10,3,0,0,2,2,2,2,2,0,10,10,10,NA,NA,NA,2,2,2,NA,NA,NA,NA,NA,NA,NA,NA,NA,800,800,800,NA,NA,NA
"F_057","T_012","MCC_017","2025-12-05","Kazo",35,28,15,6,0,0,1,2,2,2,1,0,18,15,18,NA,NA,NA,2,2,2,NA,NA,NA,NA,NA,NA,NA,NA,NA,800,800,800,NA,NA,NA
"F_074","T_012","MCC_017","2025-12-05","Kazo",21,17,17,6,0,0,2,2,1,1,2,0,17,17,17,NA,NA,NA,2,2,2,NA,NA,NA,NA,NA,NA,NA,NA,NA,800,800,800,NA,NA,NA
"F_328","T_013","MCC_006","2025-12-03","Kiruhura",52,40,40,5,0,0,2,2,2,1,1,1,40,45,45,NA,NA,NA,1,1,1,NA,NA,NA,"Lactometer","Lactometer","Lactometer",NA,NA,NA,1000,1000,1000,NA,NA,NA
"F_148","T_013","MCC_006","2025-12-03","Kiruhura",35,30,30,5,0,0,2,2,2,1,1,1,31,30,30,NA,NA,NA,1,1,1,NA,NA,NA,"Lactometer","Lactometer","Lactometer",NA,NA,NA,900,900,900,NA,NA,NA
"F_348","T_013","MCC_006","2025-12-03","Kiruhura",45,35,35,6,0,0,2,2,1,1,1,1,33,37,35,NA,NA,NA,1,1,1,NA,NA,NA,"Lactometer","Lactometer","Lactometer",NA,NA,NA,900,900,900,NA,NA,NA
"F_345","T_014","MCC_014","2025-12-04","Kiruhura",80,70,70,6,0,0,2,2,2,2,2,0,68,60,75,NA,NA,NA,2,2,1,NA,NA,NA,NA,NA,"Lactometer",NA,NA,NA,900,900,1000,NA,NA,NA
"F_067","T_014","MCC_014","2025-12-04","Kiruhura",20,15,15,5,0,0,2,2,2,2,2,0,12,12,15,NA,NA,NA,1,1,1,NA,NA,NA,"Lactometer","Lactometer","Lactometer",NA,NA,NA,850,850,850,NA,NA,NA
"F_215","T_014","MCC_014","2025-12-04","Kiruhura",70,50,50,1,0,0,2,2,2,2,2,0,50,40,50,NA,NA,NA,1,1,1,NA,NA,NA,"Lactometer","Lactometer","Lactometer",NA,NA,NA,900,900,900,NA,NA,NA
"F_340","T_014","MCC_014","2025-12-05","Kiruhura",70,20,20,3,0,0,2,2,2,2,2,0,20,25,25,NA,NA,NA,1,1,1,NA,NA,NA,"Lactometer","Lactometer","Lactometer",NA,NA,NA,950,950,950,NA,NA,NA
"F_309","T_014","MCC_014","2025-12-04","Kiruhura",8,4,4,4,0,0,2,2,2,2,2,0,8,8,8,NA,NA,NA,1,1,1,NA,NA,NA,"Lactometer","Lactometer","Lactometer",NA,NA,NA,900,900,900,NA,NA,NA
"F_048","T_014","MCC_014","2025-12-04","Kiruhura",30,25,25,1,0,0,2,2,2,1,1,0,25,23,25,NA,NA,NA,1,1,1,NA,NA,NA,"Lactometer","Lactometer","Lactometer",NA,NA,NA,1000,950,900,NA,NA,NA
"F_300","T_015","MCC_009","2025-12-04","Kiruhura",100,90,90,6,0,0,2,2,2,2,2,0,90,90,85,NA,NA,NA,2,2,2,NA,NA,NA,NA,NA,NA,NA,NA,NA,900,900,900,NA,NA,NA
"F_018","T_015","MCC_009","2025-12-04","Kiruhura",150,122,122,6,0,0,2,1,2,1,2,0,122,116,118,NA,NA,NA,2,2,2,NA,NA,NA,NA,NA,NA,NA,NA,NA,900,900,900,NA,NA,NA
"F_121","T_015","MCC_009","2025-12-04","Kiruhura",100,80,80,6,0,1,2,2,2,2,1,0,90,85,80,NA,NA,NA,2,2,2,NA,NA,NA,NA,NA,NA,NA,NA,NA,900,900,900,NA,NA,NA
"F_379","T_015","MCC_009","2025-12-04","Kiruhura",250,200,200,6,0,0,1,1,2,1,2,0,200,256,271,NA,NA,NA,2,2,2,NA,NA,NA,NA,NA,NA,NA,NA,NA,900,900,900,NA,NA,NA
"F_327","T_016","MCC_005","2025-12-05","Kazo",20,10,10,6,0,0,2,2,2,2,2,1,10,10,10,NA,NA,NA,1,1,1,NA,NA,NA,"Lactometer","Lactometer","Lactometer",NA,NA,NA,800,800,800,NA,NA,NA
"F_079","T_016","MCC_005","2025-12-05","Kazo",20,15,15,6,0,0,2,2,2,1,1,1,15,18,15,NA,NA,NA,1,1,1,NA,NA,NA,"Lactometer","Lactometer","Lactometer",NA,NA,NA,800,800,800,NA,NA,NA
"F_223","T_016","MCC_005","2025-12-05","Kazo",20,13,13,6,0,0,2,2,2,2,2,1,13,15,13,NA,NA,NA,2,2,2,NA,NA,NA,NA,NA,NA,NA,NA,NA,800,800,800,NA,NA,NA
"F_415","T_016","MCC_005","2025-12-05","Kazo",35,30,30,6,0,0,2,2,2,2,1,1,30,35,30,NA,NA,NA,1,1,1,NA,NA,NA,"Lactometer","Lactometer","Lactometer",NA,NA,NA,800,800,800,NA,NA,NA
"F_323","T_017","MCC_008","2025-12-04","Kiruhura",44,34,24,4,0,0,2,2,2,2,1,0,22,24,23,NA,NA,NA,2,2,2,NA,NA,NA,NA,NA,NA,NA,NA,NA,900,900,900,NA,NA,NA
"F_336","T_017","MCC_008","2025-12-04","Kiruhura",100,76,76,4,0,0,2,2,2,2,2,0,80,70,76,NA,NA,NA,2,2,2,NA,NA,NA,NA,NA,NA,NA,NA,NA,900,900,900,NA,NA,NA
"F_214","T_018","MCC_015","2025-12-03","Kiruhura",80,60,60,5,0,0,2,2,2,1,1,1,60,60,55,NA,NA,NA,2,2,2,NA,NA,NA,NA,NA,NA,NA,NA,NA,800,800,800,NA,NA,NA
"F_417","T_018","MCC_015","2025-12-03","Kiruhura",150,120,120,4,0,0,2,2,2,1,1,1,100,120,100,NA,NA,NA,2,2,2,NA,NA,NA,NA,NA,NA,NA,NA,NA,900,900,900,NA,NA,NA
"F_133","T_018","MCC_015","2025-12-03","Kiruhura",28,25,25,5,0,0,2,2,2,1,1,1,25,40,30,NA,NA,NA,2,1,1,NA,NA,NA,NA,"Lactometer","Lactometer",NA,NA,NA,950,950,900,NA,NA,NA
"F_033","T_018","MCC_015","2025-12-03","Kiruhura",160,130,130,5,0,0,2,2,1,1,2,1,130,130,130,NA,NA,NA,2,2,2,NA,NA,NA,NA,NA,NA,NA,NA,NA,900,900,900,NA,NA,NA
"F_001","T_018","MCC_015","2025-12-03","Kiruhura",130,125,125,4,0,0,2,2,2,2,2,1,120,120,130,NA,NA,NA,2,2,2,NA,NA,NA,NA,NA,NA,NA,NA,NA,1008,1000,1000,NA,NA,NA
"F_318","T_019","MCC_014","2025-12-04","Kiruhura",30,25,25,6,0,0,2,2,2,1,2,0,22,21,22,NA,NA,NA,1,2,2,NA,NA,NA,"Lactometer",NA,NA,NA,NA,NA,1000,1000,1000,NA,NA,NA
"F_216","T_020","MCC_007","2025-12-03","Kiruhura",470,450,450,5,0,0,2,1,2,2,1,1,450,430,450,NA,NA,NA,2,2,2,NA,NA,NA,NA,NA,NA,NA,NA,NA,1100,1100,1100,NA,NA,NA
"F_016","T_020","MCC_007","2025-12-03","Kiruhura",53,45,45,5,0,0,2,2,2,1,1,1,40,42,45,NA,NA,NA,2,2,2,NA,NA,NA,NA,NA,NA,NA,NA,NA,1000,1000,1000,NA,NA,NA
"F_150","T_020","MCC_007","2025-12-03","Kiruhura",150,120,120,5,0,0,2,2,2,2,2,1,100,100,120,NA,NA,NA,2,1,2,NA,NA,NA,NA,"Lactometer",NA,NA,NA,NA,1000,1000,1000,NA,NA,NA
"F_182","T_020","MCC_007","2025-12-03","Kiruhura",200,160,160,5,0,0,2,1,2,2,2,1,160,170,170,NA,NA,NA,2,2,2,NA,NA,NA,NA,NA,NA,NA,NA,NA,1000,1000,1000,NA,NA,NA
"F_160","T_021","MCC_015","2025-12-03","Kiruhura",165,153,153,5,0,0,2,2,2,1,1,0,153,145,118,NA,NA,NA,2,2,2,NA,NA,NA,NA,NA,NA,NA,NA,NA,900,900,900,NA,NA,NA
"F_344","T_021","MCC_015","2025-12-03","Kiruhura",80,50,50,6,0,0,2,2,1,1,2,0,50,50,50,NA,NA,NA,2,2,2,NA,NA,NA,NA,NA,NA,NA,NA,NA,950,950,950,NA,NA,NA
"F_053","T_021","MCC_015","2025-12-03","Kiruhura",185,150,150,5,0,0,2,2,2,1,2,0,120,140,150,NA,NA,NA,2,2,2,NA,NA,NA,NA,NA,NA,NA,NA,NA,900,900,900,NA,NA,NA
"F_197","T_022","MCC_005","2025-12-05","Kazo",90,85,85,5,0,0,2,2,2,2,1,0,70,80,60,NA,NA,NA,1,1,1,NA,NA,NA,"Lactometer","Lactometer","Lactometer",NA,NA,NA,875,875,875,NA,NA,NA
"F_166","T_022","MCC_005","2025-12-05","Kazo",55,52,52,6,0,0,2,1,2,2,1,0,53,50,51,NA,NA,NA,1,1,1,NA,NA,NA,"Lactometer","Lactometer","Lactometer",NA,NA,NA,900,900,900,NA,NA,NA
"F_039","T_022","MCC_005","2025-12-05","Kazo",35,30,30,5,0,0,2,2,1,1,1,0,30,30,30,NA,NA,NA,2,2,2,NA,NA,NA,NA,NA,NA,NA,NA,NA,850,850,850,NA,NA,NA
"F_187","T_022","MCC_005","2025-12-05","Kazo",118,110,100,6,0,0,2,2,2,2,2,0,110,115,114,NA,NA,NA,1,1,1,NA,NA,NA,"Lactometer","Lactometer","Lactometer",NA,NA,NA,900,900,900,NA,NA,NA
"F_209","T_022","MCC_005","2025-12-05","Kazo",35,30,30,6,0,0,2,2,2,2,2,0,33,30,32,NA,NA,NA,1,1,2,NA,NA,NA,"Lactometer","Lactometer",NA,NA,NA,NA,850,850,850,NA,NA,NA
"F_278","T_023","MCC_005","2025-12-05","Kazo",20,17,17,4,0,0,2,2,2,2,2,1,15,16,17,NA,NA,NA,1,1,1,NA,NA,NA,"Lactometer","Lactometer","Lactometer",NA,NA,NA,800,800,800,NA,NA,NA
"F_262","T_023","MCC_005","2025-12-05","Kazo",12,10,10,4,0,0,2,2,2,2,2,1,10,10,10,NA,NA,NA,1,1,1,NA,NA,NA,"Lactometer","Lactometer","Lactometer",NA,NA,NA,850,850,850,NA,NA,NA
"F_387","T_023","MCC_005","2025-12-06","Kazo",20,15,8,5,0,0,2,2,2,2,2,1,8,7,10,NA,NA,NA,2,2,2,NA,NA,NA,NA,NA,NA,NA,NA,NA,800,800,800,NA,NA,NA
"F_212","T_023","MCC_005","2025-12-05","Kazo",8,5,5,6,0,0,2,2,1,2,1,1,6,6,6,NA,NA,NA,1,1,1,NA,NA,NA,"Lactometer","Lactometer","Lactometer",NA,NA,NA,850,850,850,NA,NA,NA
"F_103","T_023","MCC_005","2025-12-05","Kazo",25,20,20,4,0,0,2,2,2,2,2,1,20,18,17,NA,NA,NA,2,2,2,NA,NA,NA,NA,NA,NA,NA,NA,NA,800,800,800,NA,NA,NA
"F_314","T_024","MCC_005","2025-12-05","Kazo",60,52,52,6,0,0,2,2,2,2,1,0,45,45,48,NA,NA,NA,1,1,2,NA,NA,NA,"Lactometer","Lactometer",NA,NA,NA,NA,850,850,850,NA,NA,NA
"F_264","T_024","MCC_005","2025-12-05","Kazo",150,139,139,4,0,0,2,1,2,2,1,0,139,145,149,NA,NA,NA,2,2,2,NA,NA,NA,NA,NA,NA,NA,NA,NA,800,800,800,NA,NA,NA
"F_087","T_024","MCC_005","2025-12-05","Kazo",51,42,42,4,0,0,2,2,2,1,1,0,42,55,45,NA,NA,NA,1,1,1,NA,NA,NA,"Lactometer","Lactometer","Lactometer",NA,NA,NA,900,900,900,NA,NA,NA
"F_100","T_024","MCC_005","2025-12-05","Kazo",130,115,115,4,0,0,2,2,2,1,1,0,115,115,113,NA,NA,NA,1,1,1,NA,NA,NA,"Lactometer","Lactometer","Lactometer",NA,NA,NA,900,900,900,NA,NA,NA
"F_387","T_024","MCC_005","2025-12-05","Kazo",13,10,10,5,0,0,2,2,2,2,1,0,NA,NA,NA,10,10,10,NA,NA,NA,2,2,2,NA,NA,NA,NA,NA,NA,NA,NA,NA,850,850,850
"F_119","T_024","MCC_005","2025-12-05","Kazo",36,30,30,6,0,0,2,2,2,2,1,0,27,28,30,NA,NA,NA,2,2,2,NA,NA,NA,NA,NA,NA,NA,NA,NA,850,850,850,NA,NA,NA
"F_122","T_025","MCC_014","2025-12-05","Kiruhura",20,18,18,6,0,0,2,2,2,2,2,0,17,15,20,NA,NA,NA,2,2,1,NA,NA,NA,NA,NA,"Lactometer",NA,NA,NA,950,900,1000,NA,NA,NA
"F_102","T_025","MCC_014","2025-12-04","Kiruhura",10,10,10,6,0,0,2,2,2,2,2,0,9,8,6,NA,NA,NA,1,2,2,NA,NA,NA,"Lactometer",NA,NA,NA,NA,NA,900,900,900,NA,NA,NA
"F_295","T_026","MCC_002","2025-12-04","Kiruhura",60,55,5,5,0,0,2,2,2,1,2,0,6,6,6,NA,NA,NA,2,2,2,NA,NA,NA,NA,NA,NA,NA,NA,NA,1100,1100,1100,NA,NA,NA
"F_231","T_026","MCC_002","2025-12-04","Kiruhura",25,18,18,5,0,0,2,2,2,1,2,0,16,18,16,NA,NA,NA,2,2,2,NA,NA,NA,NA,NA,NA,NA,NA,NA,1000,1000,1000,NA,NA,NA
"F_402","T_026","MCC_002","2025-12-04","Kiruhura",110,100,90,4,0,0,2,2,2,1,2,0,80,90,85,NA,NA,NA,1,1,1,NA,NA,NA,"Lactometer","Lactometer","Lactometer",NA,NA,NA,800,800,800,NA,NA,NA
"F_101","T_026","MCC_002","2025-12-04","Kiruhura",35,30,30,3,1,1,2,2,2,2,2,0,35,30,30,NA,NA,NA,2,2,2,NA,NA,NA,NA,NA,NA,NA,NA,NA,800,800,800,NA,NA,NA
"F_210","T_026","MCC_002","2025-12-04","Kiruhura",75,50,50,5,0,0,2,2,2,1,2,0,50,50,50,NA,NA,NA,2,2,2,NA,NA,NA,NA,NA,NA,NA,NA,NA,1000,1000,1000,NA,NA,NA
"F_359","T_027","MCC_015","2025-12-03","Kiruhura",185,165,165,4,0,0,2,2,2,1,1,1,145,152,165,NA,NA,NA,2,2,2,NA,NA,NA,NA,NA,NA,NA,NA,NA,1000,1000,1000,NA,NA,NA
"F_135","T_027","MCC_015","2025-12-03","Kiruhura",120,120,120,5,0,0,2,1,1,1,1,1,120,115,115,NA,NA,NA,2,2,2,NA,NA,NA,NA,NA,NA,NA,NA,NA,950,950,950,NA,NA,NA
"F_213","T_027","MCC_015","2025-12-03","Kiruhura",50,35,35,6,0,0,2,2,2,2,1,1,30,27,35,NA,NA,NA,1,1,1,NA,NA,NA,"Lactometer","Lactometer","Lactometer",NA,NA,NA,800,800,800,NA,NA,NA
"F_015","T_027","MCC_015","2025-12-03","Kiruhura",60,55,55,4,0,0,2,1,1,1,2,1,55,60,50,NA,NA,NA,1,2,2,NA,NA,NA,"Lactometer",NA,NA,NA,NA,NA,950,950,950,NA,NA,NA
"F_317","T_027","MCC_015","2025-12-03","Kiruhura",30,24,24,5,0,0,2,2,1,2,1,1,22,24,20,NA,NA,NA,2,2,2,NA,NA,NA,NA,NA,NA,NA,NA,NA,900,900,900,NA,NA,NA
"F_202","T_028","MCC_007","2025-12-03","Kiruhura",30,25,25,6,0,0,2,2,2,1,2,1,25,28,30,NA,NA,NA,2,2,2,NA,NA,NA,NA,NA,NA,NA,NA,NA,900,900,900,NA,NA,NA
"F_011","T_028","MCC_007","2025-12-03","Kiruhura",40,30,30,6,0,0,2,2,2,2,2,1,30,30,35,NA,NA,NA,2,2,2,NA,NA,NA,NA,NA,NA,NA,NA,NA,900,900,900,NA,NA,NA
"F_009","T_028","MCC_007","2025-12-03","Kiruhura",30,10,10,5,0,0,2,2,2,1,2,1,10,12,8,NA,NA,NA,2,2,2,NA,NA,NA,NA,NA,NA,NA,NA,NA,800,800,800,NA,NA,NA
"F_246","T_029","MCC_015","2025-12-03","Kiruhura",15,12,12,4,0,0,2,1,1,1,1,0,13,18,13,NA,NA,NA,1,1,1,NA,NA,NA,"Lactometer","Lactometer","Lactometer",NA,NA,NA,950,950,950,NA,NA,NA
"F_281","T_029","MCC_015","2025-12-07","Kiruhura",180,150,100,6,0,0,2,2,2,1,2,0,180,950,NA,NA,NA,185,1,1,NA,NA,NA,1,"Lactometer","Lactometer",NA,NA,NA,"Lactometer",900,900,NA,NA,NA,1000
"F_342","T_029","MCC_015","2025-12-07","Kiruhura",100,90,90,6,0,0,2,2,2,1,2,0,85,90,100,NA,NA,NA,1,1,1,NA,NA,NA,"Lactometer","Lactometer","Lactometer",NA,NA,NA,900,900,1000,NA,NA,NA
"F_052","T_029","MCC_015","2025-12-03","Kiruhura",30,30,30,4,0,0,2,2,2,1,2,0,25,30,20,NA,NA,NA,1,1,1,NA,NA,NA,"Lactometer","Lactometer","Lactometer",NA,NA,NA,900,900,950,NA,NA,NA
"F_281","T_029","MCC_015","2025-12-07","Kiruhura",190,180,180,6,0,0,2,2,2,1,2,0,NA,NA,175,179,180,NA,NA,NA,1,1,1,NA,NA,NA,"Lactometer","Lactometer","Lactometer",NA,NA,NA,950,950,1000,NA
"F_218","T_029","MCC_015","2025-12-07","Kiruhura",90,90,80,6,0,0,2,2,2,1,2,0,90,85,90,NA,NA,NA,1,1,1,NA,NA,NA,"Lactometer","Lactometer","Lactometer",NA,NA,NA,950,900,1000,NA,NA,NA
"F_032","T_030","MCC_002","2025-12-04","Kiruhura",220,200,200,4,0,0,2,2,2,1,2,1,200,200,200,NA,NA,NA,2,2,2,NA,NA,NA,NA,NA,NA,NA,NA,NA,800,800,800,NA,NA,NA
"F_322","T_030","MCC_002","2025-12-04","Kiruhura",70,60,60,4,0,0,2,2,2,1,1,1,60,50,60,NA,NA,NA,2,2,2,NA,NA,NA,NA,NA,NA,NA,NA,NA,850,850,850,NA,NA,NA
"F_075","T_030","MCC_002","2025-12-04","Kiruhura",85,70,70,6,0,0,2,2,1,1,2,1,70,65,75,NA,NA,NA,2,2,1,NA,NA,NA,NA,NA,"Lactometer",NA,NA,NA,800,800,800,NA,NA,NA
"F_029","T_030","MCC_002","2025-12-04","Kiruhura",56,50,50,4,0,0,2,2,2,2,1,1,50,45,50,NA,NA,NA,2,2,2,NA,NA,NA,NA,NA,NA,NA,NA,NA,800,800,800,NA,NA,NA
"F_200","T_030","MCC_002","2025-12-04","Kiruhura",200,195,150,6,0,0,2,2,2,2,2,1,180,160,160,NA,NA,NA,1,1,1,NA,NA,NA,"Lactometer","Lactometer","Lactometer",NA,NA,NA,800,800,850,NA,NA,NA
"F_171","T_031","MCC_007","2025-12-03","Kiruhura",28,21,21,6,0,0,2,2,2,2,1,1,27,23,21,NA,NA,NA,2,2,2,NA,NA,NA,NA,NA,NA,NA,NA,NA,900,900,900,NA,NA,NA
"F_354","T_031","MCC_007","2025-12-03","Kiruhura",20,15,15,6,0,0,2,2,2,1,1,1,15,15,15,NA,NA,NA,1,1,1,NA,NA,NA,"Lactometer","Lactometer","Lactometer",NA,NA,NA,950,950,950,NA,NA,NA
"F_112","T_031","MCC_007","2025-12-03","Kiruhura",60,50,40,5,0,0,2,2,1,1,1,1,50,50,50,NA,NA,NA,1,1,1,NA,NA,NA,"Lactometer","Lactometer","Lactometer",NA,NA,NA,900,900,900,NA,NA,NA
"F_113","T_032","MCC_017","2025-12-06","Kazo",120,118,118,4,0,0,2,2,2,1,1,1,118,115,115,NA,NA,NA,1,2,1,NA,NA,NA,"Lactometer",NA,"Lactometer",NA,NA,NA,950,950,950,NA,NA,NA
"F_108","T_032","MCC_017","2025-12-06","Kazo",8,6,6,4,0,0,2,2,2,1,1,1,6,6,6,NA,NA,NA,1,1,1,NA,NA,NA,"Lactometer","Lactometer","Lactometer",NA,NA,NA,850,850,850,NA,NA,NA
"F_044","T_032","MCC_017","2025-12-06","Kazo",90,80,80,5,0,0,2,2,2,2,1,1,78,75,80,NA,NA,NA,2,2,2,NA,NA,NA,NA,NA,NA,NA,NA,NA,900,900,900,NA,NA,NA
"F_019","T_032","MCC_017","2025-12-05","Kazo",10,6,6,5,0,0,2,2,2,2,2,1,6,6,8,NA,NA,NA,2,2,2,NA,NA,NA,NA,NA,NA,NA,NA,NA,850,850,850,NA,NA,NA
"F_312","T_032","MCC_017","2025-12-06","Kazo",18,12,12,5,0,0,2,2,2,2,2,1,12,10,11,NA,NA,NA,2,2,2,NA,NA,NA,NA,NA,NA,NA,NA,NA,900,900,900,NA,NA,NA
"F_243","T_033","MCC_006","2025-12-03","Kiruhura",62,50,50,5,0,0,2,2,2,2,1,1,50,45,48,NA,NA,NA,1,1,1,NA,NA,NA,"Lactometer","Lactometer","Lactometer",NA,NA,NA,1000,1000,1000,NA,NA,NA
"F_190","T_033","MCC_006","2025-12-03","Kiruhura",19,19,19,6,0,0,2,2,2,1,2,1,19,18,19,NA,NA,NA,2,2,2,NA,NA,NA,NA,NA,NA,NA,NA,NA,950,950,950,NA,NA,NA
"F_305","T_033","MCC_006","2025-12-03","Kiruhura",13,5,5,4,0,0,2,2,2,1,2,1,6,6,7,NA,NA,NA,2,2,2,NA,NA,NA,NA,NA,NA,NA,NA,NA,900,900,900,NA,NA,NA
"F_400","T_033","MCC_006","2025-12-03","Kiruhura",71,65,65,5,0,0,2,2,2,1,2,1,65,62,67,NA,NA,NA,1,1,1,NA,NA,NA,"Lactometer","Lactometer","Lactometer",NA,NA,NA,950,950,950,NA,NA,NA
"F_241","T_033","MCC_006","2025-12-03","Kiruhura",32,30,30,6,0,0,1,2,2,1,2,1,30,30,30,NA,NA,NA,1,1,1,NA,NA,NA,"Lactometer","Lactometer","Lactometer",NA,NA,NA,1000,1000,1000,NA,NA,NA
"F_233","T_034","MCC_008","2025-12-04","Kiruhura",45,40,40,4,0,0,2,2,2,2,2,1,38,39,40,NA,NA,NA,1,1,1,NA,NA,NA,"Lactometer","Lactometer","Lactometer",NA,NA,NA,900,900,900,NA,NA,NA
"F_124","T_034","MCC_008","2025-12-04","Kiruhura",11,7,7,4,0,0,2,2,2,2,1,1,7,9,8,NA,NA,NA,2,2,2,NA,NA,NA,NA,NA,NA,NA,NA,NA,900,900,900,NA,NA,NA
"F_155","T_034","MCC_008","2025-12-04","Kiruhura",90,80,80,6,0,0,2,2,2,2,1,1,90,80,85,NA,NA,NA,2,2,2,NA,NA,NA,NA,NA,NA,NA,NA,NA,900,900,900,NA,NA,NA
"F_134","T_034","MCC_008","2025-12-04","Kiruhura",35,30,30,6,0,1,2,2,2,2,1,1,21,26,26,NA,NA,NA,1,1,1,NA,NA,NA,"Lactometer","Lactometer","Lactometer",NA,NA,NA,900,900,900,NA,NA,NA
"F_225","T_034","MCC_008","2025-12-04","Kiruhura",30,25,5,4,0,0,2,2,2,2,1,1,10,6,7,NA,NA,NA,1,1,1,NA,NA,NA,"Lactometer","Lactometer","Lactometer",NA,NA,NA,900,900,900,NA,NA,NA
"F_306","T_035","MCC_012","2025-12-03","Kiruhura",110,82,82,4,0,0,2,2,2,2,2,0,82,90,82,NA,NA,NA,1,1,1,NA,NA,NA,"Lactometer","Lactometer","Lactometer",NA,NA,NA,920,920,920,NA,NA,NA
"F_066","T_035","MCC_012","2025-12-03","Kiruhura",80,70,70,5,0,0,2,2,2,1,1,0,60,70,80,NA,NA,NA,1,1,1,NA,NA,NA,"Lactometer","Lactometer","Lactometer",NA,NA,NA,900,900,900,NA,NA,NA
"F_183","T_035","MCC_012","2025-12-03","Kiruhura",102,90,90,5,0,0,2,2,2,2,1,0,85,90,92,NA,NA,NA,1,1,1,NA,NA,NA,"Lactometer","Lactometer","Lactometer",NA,NA,NA,900,900,900,NA,NA,NA
"F_378","T_035","MCC_012","2025-12-03","Kiruhura",80,70,70,6,0,0,2,2,2,2,2,0,70,75,70,NA,NA,NA,1,1,1,NA,NA,NA,"Lactometer","Lactometer","Lactometer",NA,NA,NA,850,850,850,NA,NA,NA
"F_329","T_035","MCC_012","2025-12-03","Kiruhura",70,60,60,5,0,0,2,2,2,2,2,0,65,70,60,NA,NA,NA,1,1,1,NA,NA,NA,"Lactometer","Lactometer","Lactometer",NA,NA,NA,800,800,800,NA,NA,NA
"F_176","T_036","MCC_009","2025-12-04","Kiruhura",90,60,60,5,0,1,2,2,2,2,2,1,60,60,60,NA,NA,NA,2,2,2,NA,NA,NA,NA,NA,NA,NA,NA,NA,900,900,900,NA,NA,NA
"F_014","T_036","MCC_009","2025-12-04","Kiruhura",70,40,40,6,2,2,2,2,2,2,2,1,40,40,40,NA,NA,NA,1,1,1,NA,NA,NA,"Lactometer","Lactometer","Lactometer",NA,NA,NA,900,900,900,NA,NA,NA
"F_248","T_036","MCC_009","2025-12-04","Kiruhura",150,120,120,6,0,0,2,2,2,2,2,1,120,120,120,NA,NA,NA,1,1,1,NA,NA,NA,"Lactometer","Lactometer","Lactometer",NA,NA,NA,900,900,900,NA,NA,NA
"F_302","T_036","MCC_009","2025-12-04","Kiruhura",80,60,60,6,0,0,2,2,2,2,2,1,65,65,60,NA,NA,NA,2,2,2,NA,NA,NA,NA,NA,NA,NA,NA,NA,900,900,900,NA,NA,NA
"F_296","T_037","MCC_006","2025-12-04","Kiruhura",140,130,130,6,0,0,2,2,2,1,1,1,150,130,135,NA,NA,NA,1,1,1,NA,NA,NA,"Lactometer","Lactometer","Lactometer",NA,NA,NA,950,950,950,NA,NA,NA
"F_406","T_037","MCC_006","2025-12-03","Kiruhura",30,23,23,5,0,0,2,2,2,1,1,1,23,19,20,NA,NA,NA,1,2,1,NA,NA,NA,"Lactometer",NA,"Lactometer",NA,NA,NA,900,900,900,NA,NA,NA
"F_374","T_037","MCC_006","2025-12-04","Kiruhura",95,90,60,4,0,0,2,2,1,1,1,1,60,60,50,NA,NA,NA,2,1,2,NA,NA,NA,NA,"Lactometer",NA,NA,NA,NA,800,800,800,NA,NA,NA
"F_143","T_037","MCC_006","2025-12-04","Kiruhura",40,30,30,4,0,0,2,2,2,1,2,1,30,35,30,NA,NA,NA,2,2,1,NA,NA,NA,NA,NA,"Lactometer",NA,NA,NA,800,800,800,NA,NA,NA
"F_310","T_038","MCC_007","2025-12-03","Kiruhura",112,76,76,6,0,0,2,2,2,1,2,0,76,76,74,NA,NA,NA,2,2,2,NA,NA,NA,NA,NA,NA,NA,NA,NA,950,950,950,NA,NA,NA
"F_319","T_038","MCC_007","2025-12-04","Kiruhura",40,30,30,6,0,0,2,2,2,1,1,0,25,25,28,NA,NA,NA,1,2,2,NA,NA,NA,"Lactometer",NA,NA,NA,NA,NA,900,900,900,NA,NA,NA
"F_156","T_038","MCC_007","2025-12-03","Kiruhura",20,20,20,6,0,0,2,2,2,2,2,0,40,35,45,NA,NA,NA,2,2,2,NA,NA,NA,NA,NA,NA,NA,NA,NA,900,900,900,NA,NA,NA
"F_084","T_038","MCC_007","2025-12-06","Kiruhura",350,345,210,4,0,0,2,2,2,1,2,0,210,220,250,NA,NA,NA,2,2,2,NA,NA,NA,NA,NA,NA,NA,NA,NA,900,900,900,NA,NA,NA
"F_097","T_038","MCC_007","2025-12-04","Kiruhura",80,70,70,6,0,0,2,2,2,1,1,0,68,72,70,NA,NA,NA,2,2,2,NA,NA,NA,NA,NA,NA,NA,NA,NA,950,950,950,NA,NA,NA
"F_245","T_039","MCC_010","2025-12-06","Kazo",10,8,8,4,0,0,2,2,1,1,2,1,8,8,8,NA,NA,NA,1,2,1,NA,NA,NA,"Lactometer",NA,"Lactometer",NA,NA,NA,800,800,800,NA,NA,NA
"F_005","T_039","MCC_010","2025-12-06","Kazo",68,49,49,4,0,0,2,1,1,1,1,1,50,46,49,NA,NA,NA,2,2,2,NA,NA,NA,NA,NA,NA,NA,NA,NA,840,840,840,NA,NA,NA
"F_109","T_039","MCC_010","2025-12-06","Kazo",21,13,13,5,0,0,2,2,2,1,2,1,13,15,14,NA,NA,NA,1,1,2,NA,NA,NA,"Lactometer","Lactometer",NA,NA,NA,NA,800,800,800,NA,NA,NA
"F_026","T_039","MCC_010","2025-12-06","Kazo",8,6,6,5,0,0,2,2,1,1,1,1,6,6,6,NA,NA,NA,2,2,2,NA,NA,NA,NA,NA,NA,NA,NA,NA,800,800,800,NA,NA,NA
"F_353","T_040","MCC_014","2025-12-04","Kiruhura",110,50,50,4,0,0,2,2,2,2,1,1,50,50,50,NA,NA,NA,1,1,1,NA,NA,NA,"Lactometer","Lactometer","Lactometer",NA,NA,NA,900,900,900,NA,NA,NA
"F_401","T_040","MCC_014","2025-12-04","Kiruhura",20,12,12,6,0,0,2,2,2,1,2,1,12,12,10,NA,NA,NA,2,2,2,NA,NA,NA,NA,NA,NA,NA,NA,NA,900,900,900,NA,NA,NA
"F_232","T_040","MCC_014","2025-12-04","Kiruhura",100,83,83,5,2,3,2,2,2,1,2,1,70,83,83,NA,NA,NA,1,1,1,NA,NA,NA,"Lactometer","Lactometer","Lactometer",NA,NA,NA,900,900,900,NA,NA,NA
"F_376","T_041","MCC_002","2025-12-01","Kiruhura",50,40,30,4,2,2,1,1,1,1,1,1,10,15,20,NA,NA,NA,1,1,1,NA,NA,NA,"Lactometer Alcohol","Lactometer Alcohol","Lactometer Alcohol",NA,NA,NA,800,800,800,NA,NA,NA
"F_165","T_042","MCC_011","2025-12-04","Kiruhura",50,30,30,4,0,0,2,2,2,1,2,1,30,30,35,NA,NA,NA,2,1,1,NA,NA,NA,NA,"Lactometer","Lactometer",NA,NA,NA,850,850,850,NA,NA,NA
"F_035","T_042","MCC_011","2025-12-04","Kiruhura",140,110,100,5,0,0,2,2,2,1,2,1,95,100,100,NA,NA,NA,2,2,1,NA,NA,NA,NA,NA,"Lactometer",NA,NA,NA,800,800,800,NA,NA,NA
"F_177","T_042","MCC_011","2025-12-04","Kiruhura",30,19,18,5,0,0,2,2,2,1,2,1,18,26,18,NA,NA,NA,1,1,1,NA,NA,NA,"Lactometer","Lactometer","Lactometer",NA,NA,NA,950,950,950,NA,NA,NA
"F_175","T_042","MCC_011","2025-12-04","Kiruhura",8,5,5,6,0,0,2,2,2,1,1,1,8,8,8,NA,NA,NA,1,1,1,NA,NA,NA,"Lactometer","Lactometer","Lactometer",NA,NA,NA,800,800,800,NA,NA,NA
"F_172","T_043","MCC_007","2025-12-04","Kiruhura",40,20,20,4,0,0,2,2,2,1,1,0,21,20,20,NA,NA,NA,2,2,2,NA,NA,NA,NA,NA,NA,NA,NA,NA,900,900,900,NA,NA,NA
"F_263","T_043","MCC_007","2025-12-04","Kiruhura",40,33,33,6,0,0,2,2,2,2,1,0,33,31,30,NA,NA,NA,2,2,1,NA,NA,NA,NA,NA,"Lactometer",NA,NA,NA,900,900,900,NA,NA,NA
"F_105","T_043","MCC_007","2025-12-03","Kiruhura",42,38,38,5,0,0,2,2,1,1,1,0,38,32,40,NA,NA,NA,2,2,2,NA,NA,NA,NA,NA,NA,NA,NA,NA,950,950,950,NA,NA,NA
"F_192","T_043","MCC_007","2025-12-03","Kiruhura",40,30,30,6,0,0,2,2,2,2,2,0,30,30,25,NA,NA,NA,1,1,1,NA,NA,NA,"Lactometer","Lactometer","Lactometer",NA,NA,NA,900,900,900,NA,NA,NA
"F_254","T_044","MCC_018","2025-12-03","Kiruhura",30,16,16,6,0,0,2,2,1,1,2,1,20,18,16,NA,NA,NA,1,1,1,NA,NA,NA,"Lactometer","Lactometer","Lactometer",NA,NA,NA,800,850,850,NA,NA,NA
"F_073","T_044","MCC_018","2025-12-04","Kiruhura",130,100,100,6,0,0,2,2,2,1,1,1,98,90,100,NA,NA,NA,1,1,1,NA,NA,NA,"Lactometer","Lactometer","Lactometer",NA,NA,NA,850,800,850,NA,NA,NA
"F_168","T_044","MCC_018","2025-12-03","Kiruhura",7,7,7,6,0,0,1,2,2,1,1,1,6,7,7,NA,NA,NA,1,1,1,NA,NA,NA,"Lactometer","Lactometer","Lactometer",NA,NA,NA,850,850,850,NA,NA,NA
"F_290","T_044","MCC_018","2025-12-03","Kiruhura",40,35,33,6,0,0,2,2,1,2,1,1,33,29,32,NA,NA,NA,1,1,1,NA,NA,NA,"Lactometer","Lactometer","Lactometer",NA,NA,NA,850,850,850,NA,NA,NA
"F_114","T_045","MCC_008","2025-12-03","Kiruhura",50,35,35,5,0,0,1,2,2,2,1,1,35,35,35,NA,NA,NA,1,1,1,NA,NA,NA,"Lactometer","Lactometer","Lactometer Alcohol Lactoscan",NA,NA,NA,900,900,900,NA,NA,NA
"F_303","T_045","MCC_008","2025-12-03","Kiruhura",45,30,30,5,0,0,2,2,2,1,2,1,30,30,29,NA,NA,NA,2,2,2,NA,NA,NA,NA,NA,NA,NA,NA,NA,900,900,900,NA,NA,NA
"F_125","T_045","MCC_008","2025-12-03","Kiruhura",30,30,30,5,0,0,2,2,2,1,1,1,45,35,30,NA,NA,NA,1,1,1,NA,NA,NA,"Lactometer Alcohol Lactoscan","Alcohol Lactoscan","Lactometer Alcohol Lactoscan",NA,NA,NA,900,900,900,NA,NA,NA
"F_021","T_046","MCC_008","2025-12-03","Kiruhura",30,20,20,5,0,0,2,2,2,2,2,1,25,20,20,NA,NA,NA,1,1,1,NA,NA,NA,"Lactometer","Lactometer","Lactometer",NA,NA,NA,900,900,900,NA,NA,NA
"F_178","T_046","MCC_008","2025-12-03","Kiruhura",21,21,21,4,0,0,2,2,2,1,2,1,21,25,22,NA,NA,NA,1,1,1,NA,NA,NA,"Lactometer Lactoscan Alcohol","Lactometer Alcohol Lactoscan","Lactometer Alcohol Lactoscan",NA,NA,NA,900,900,900,NA,NA,NA
"F_316","T_047","MCC_014","2025-12-05","Kiruhura",88,70,68,5,0,0,2,1,2,1,2,1,60,66,50,NA,NA,NA,2,1,1,NA,NA,NA,NA,"Lactometer","Lactometer",NA,NA,NA,950,900,900,NA,NA,NA
"F_347","T_047","MCC_014","2025-12-05","Kiruhura",35,20,20,5,0,0,2,2,2,1,1,1,20,20,20,NA,NA,NA,1,2,2,NA,NA,NA,"Lactometer",NA,NA,NA,NA,NA,900,900,900,NA,NA,NA
"F_357","T_047","MCC_014","2025-12-05","Kiruhura",250,200,200,6,0,0,2,2,2,1,2,1,190,120,180,NA,NA,NA,1,2,1,NA,NA,NA,"Lactometer",NA,"Lactometer",NA,NA,NA,900,900,900,NA,NA,NA
"F_211","T_048","MCC_016","2025-12-05","Kazo",50,45,40,5,0,0,2,1,1,1,1,1,45,43,40,NA,NA,NA,2,2,2,NA,NA,NA,NA,NA,NA,NA,NA,NA,900,900,900,NA,NA,NA
"F_409","T_048","MCC_016","2025-12-05","Kazo",45,40,40,3,0,0,2,1,1,1,2,1,40,35,45,NA,NA,NA,1,1,1,NA,NA,NA,"Lactometer","Lactometer","Lactometer",NA,NA,NA,900,900,900,NA,NA,NA
"F_393","T_048","MCC_016","2025-12-05","Kazo",25,20,20,5,0,0,2,2,1,1,2,1,20,15,25,NA,NA,NA,2,2,1,NA,NA,NA,NA,NA,"Lactometer",NA,NA,NA,900,900,900,NA,NA,NA
"F_129","T_048","MCC_016","2025-12-05","Kazo",30,20,20,6,0,1,2,2,1,1,2,1,25,25,20,NA,NA,NA,1,1,1,NA,NA,NA,"Lactometer","Lactometer","Lactometer",NA,NA,NA,900,900,900,NA,NA,NA
"F_386","T_048","MCC_016","2025-12-05","Kazo",13,10,10,6,0,0,2,2,2,2,2,1,10,10,10,NA,NA,NA,2,2,2,NA,NA,NA,NA,NA,NA,NA,NA,NA,900,900,900,NA,NA,NA
"F_222","T_049","MCC_014","2025-12-04","Kiruhura",250,245,210,6,0,0,2,2,2,1,2,0,190,200,190,NA,NA,NA,2,2,2,NA,NA,NA,NA,NA,NA,NA,NA,NA,1000,1000,1000,NA,NA,NA
"F_098","T_049","MCC_014","2025-12-04","Kiruhura",175,155,155,5,0,0,2,2,2,1,1,0,158,173,155,NA,NA,NA,2,2,2,NA,NA,NA,NA,NA,NA,NA,NA,NA,1000,1000,1000,NA,NA,NA
"F_217","T_049","MCC_014","2025-12-04","Kiruhura",70,65,65,6,0,0,1,2,2,1,2,0,60,65,62,NA,NA,NA,1,1,1,NA,NA,NA,"Lactometer","Lactometer","Lactometer",NA,NA,NA,1000,1000,1000,NA,NA,NA
"F_403","T_049","MCC_014","2025-12-04","Kiruhura",45,40,40,3,0,0,2,2,2,1,2,0,39,40,40,NA,NA,NA,2,2,2,NA,NA,NA,NA,NA,NA,NA,NA,NA,900,900,900,NA,NA,NA
"F_201","T_049","MCC_014","2025-12-08","Kiruhura",20,10,10,5,0,0,2,2,2,2,2,0,9,10,11,NA,NA,NA,1,1,1,NA,NA,NA,"Lactometer","Lactometer","Lactometer",NA,NA,NA,900,900,900,NA,NA,NA
"F_242","T_049","MCC_014","2025-12-04","Kiruhura",180,152,50,5,0,0,2,2,2,2,2,0,50,58,45,NA,NA,NA,1,1,1,NA,NA,NA,"Lactometer","Lactometer","Lactometer",NA,NA,NA,900,900,900,NA,NA,NA
"F_234","T_050","MCC_006","2025-12-04","Kiruhura",35,35,35,5,0,0,2,1,2,1,1,0,35,36,40,NA,NA,NA,1,1,1,NA,NA,NA,"Lactometer","Lactometer","Lactometer",NA,NA,NA,900,900,900,NA,NA,NA
"F_166","T_050","MCC_006","2025-12-03","Kiruhura",80,70,70,6,0,0,2,2,2,2,2,0,NA,NA,NA,64,65,65,NA,NA,NA,2,1,1,NA,NA,NA,NA,"Lactometer","Lactometer",NA,NA,NA,950,950,950
"F_283","T_050","MCC_006","2025-12-03","Kiruhura",40,35,35,5,0,0,2,2,2,1,2,0,35,36,35,NA,NA,NA,2,2,2,NA,NA,NA,NA,NA,NA,NA,NA,NA,1000,1000,1000,NA,NA,NA
"F_071","T_050","MCC_006","2025-12-04","Kiruhura",43,38,38,4,0,0,2,2,2,1,1,0,38,36,40,NA,NA,NA,1,2,1,NA,NA,NA,"Lactometer",NA,"Lactometer",NA,NA,NA,900,900,900,NA,NA,NA
"F_179","T_050","MCC_006","2025-12-04","Kiruhura",30,20,20,5,0,0,2,2,2,1,1,0,20,20,20,NA,NA,NA,1,1,1,NA,NA,NA,"Lactometer","Lactometer","Lactometer",NA,NA,NA,900,900,900,NA,NA,NA
"F_367","T_051","MCC_011","2025-12-04","Kiruhura",35,20,20,6,0,0,2,2,2,1,2,1,20,20,17,NA,NA,NA,2,2,2,NA,NA,NA,NA,NA,NA,NA,NA,NA,800,800,800,NA,NA,NA
"F_126","T_051","MCC_011","2025-12-04","Kiruhura",100,70,35,5,0,0,2,2,2,1,2,1,35,30,35,NA,NA,NA,2,2,2,NA,NA,NA,NA,NA,NA,NA,NA,NA,800,800,800,NA,NA,NA
"F_286","T_051","MCC_011","2025-12-04","Kiruhura",78,58,58,5,0,0,2,2,2,1,1,1,58,55,60,NA,NA,NA,2,2,1,NA,NA,NA,NA,NA,"Lactometer",NA,NA,NA,800,800,800,NA,NA,NA
"F_292","T_051","MCC_011","2025-12-04","Kiruhura",70,39,39,5,0,0,2,2,2,1,2,1,40,40,39,NA,NA,NA,2,2,2,NA,NA,NA,NA,NA,NA,NA,NA,NA,800,800,800,NA,NA,NA
"F_325","T_051","MCC_011","2025-12-04","Kiruhura",50,35,28,6,0,0,2,2,2,1,2,1,28,24,28,NA,NA,NA,2,2,2,NA,NA,NA,NA,NA,NA,NA,NA,NA,800,800,800,NA,NA,NA
"F_297","T_052","MCC_014","2025-12-06","Kiruhura",150,125,125,5,0,0,2,1,1,2,2,0,125,120,130,NA,NA,NA,1,1,1,NA,NA,NA,"Lactometer","Lactometer","Lactometer",NA,NA,NA,900,900,900,NA,NA,NA
"F_391","T_052","MCC_014","2025-12-04","Kiruhura",50,40,31,6,0,0,2,2,2,2,1,0,21,41,23,NA,NA,NA,1,1,1,NA,NA,NA,"Lactometer","Lactometer","Lactometer",NA,NA,NA,850,900,900,NA,NA,NA
"F_284","T_052","MCC_014","2025-12-04","Kiruhura",40,33,28,6,0,0,2,1,2,2,2,0,33,900,22,NA,NA,NA,1,1,1,NA,NA,NA,"Lactometer","Lactometer","Lactometer",NA,NA,NA,1000,1000,1000,NA,NA,NA
"F_276","T_052","MCC_014","2025-12-06","Kiruhura",45,30,30,5,0,0,2,1,2,2,1,0,32,30,32,NA,NA,NA,1,1,1,NA,NA,NA,"Lactometer","Lactometer","Lactometer",NA,NA,NA,900,900,900,NA,NA,NA
"F_224","T_052","MCC_014","2025-12-04","Kiruhura",100,91,70,6,0,0,2,2,2,2,2,0,90,90,70,NA,NA,NA,2,2,2,NA,NA,NA,NA,NA,NA,NA,NA,NA,850,900,900,NA,NA,NA
"F_063","T_052","MCC_014","2025-12-06","Kiruhura",50,42,42,6,0,0,2,2,2,2,2,0,42,45,43,NA,NA,NA,1,1,1,NA,NA,NA,"Lactometer","Lactometer","Lactometer",NA,NA,NA,950,950,950,NA,NA,NA
"F_268","T_052","MCC_014","2025-12-04","Kiruhura",40,38,30,6,0,0,2,2,2,2,2,0,23,33,31,NA,NA,NA,2,1,2,NA,NA,NA,NA,"Lactometer",NA,NA,NA,NA,900,900,900,NA,NA,NA
"F_277","T_053","MCC_011","2025-12-04","Kiruhura",115,95,20,4,0,0,2,2,2,1,2,0,20,20,20,NA,NA,NA,2,2,2,NA,NA,NA,NA,NA,NA,NA,NA,NA,850,850,850,NA,NA,NA
"F_258","T_053","MCC_011","2025-12-04","Kiruhura",170,150,150,5,0,0,2,2,2,1,2,0,150,150,150,NA,NA,NA,2,2,2,NA,NA,NA,NA,NA,NA,NA,NA,NA,1000,1000,1000,NA,NA,NA
"F_375","T_053","MCC_011","2025-12-04","Kiruhura",50,38,38,5,0,0,2,2,2,1,2,0,35,37,38,NA,NA,NA,2,2,1,NA,NA,NA,NA,NA,"Lactometer",NA,NA,NA,900,900,900,NA,NA,NA
"F_006","T_053","MCC_011","2025-12-04","Kiruhura",70,40,40,5,0,0,2,2,2,1,2,0,40,40,40,NA,NA,NA,2,2,2,NA,NA,NA,NA,NA,NA,NA,NA,NA,850,850,850,NA,NA,NA
"F_123","T_054","MCC_003","2025-12-05","Kazo",40,31,31,6,0,0,2,2,2,2,2,1,30,31,30,NA,NA,NA,1,1,1,NA,NA,NA,"Lactometer","Lactometer","Lactometer",NA,NA,NA,950,950,950,NA,NA,NA
"F_099","T_054","MCC_003","2025-12-05","Kazo",10,7,7,6,0,0,2,2,2,2,2,1,7,7,7,NA,NA,NA,1,1,1,NA,NA,NA,"Lactometer","Lactometer","Lactometer",NA,NA,NA,950,950,950,NA,NA,NA
"F_390","T_054","MCC_003","2025-12-05","Kazo",30,15,15,5,0,0,1,2,2,2,2,1,14,14,15,NA,NA,NA,1,1,1,NA,NA,NA,"Lactometer","Lactometer","Lactometer",NA,NA,NA,900,950,950,NA,NA,NA
"F_070","T_054","MCC_003","2025-12-05","Kazo",50,38,38,6,0,0,2,2,2,2,1,1,38,40,39,NA,NA,NA,1,1,1,NA,NA,NA,"Lactometer","Lactometer","Lactometer",NA,NA,NA,900,900,900,NA,NA,NA
"F_142","T_054","MCC_003","2025-12-05","Kazo",42,33,32,5,0,0,2,2,2,2,1,1,31,32,30,NA,NA,NA,1,1,1,NA,NA,NA,"Lactometer","Lactometer","Lactometer",NA,NA,NA,950,950,950,NA,NA,NA
"F_152","T_055","MCC_008","2025-12-04","Kiruhura",40,30,30,6,0,0,2,2,2,2,2,0,30,30,30,NA,NA,NA,1,1,1,NA,NA,NA,"Lactometer","Lactometer","Lactometer",NA,NA,NA,900,900,900,NA,NA,NA
"F_047","T_055","MCC_008","2025-12-04","Kiruhura",10,5,5,5,0,1,2,2,2,2,2,0,6,10,10,NA,NA,NA,1,1,1,NA,NA,NA,"Lactometer","Lactometer","Lactometer",NA,NA,NA,900,900,900,NA,NA,NA
"F_154","T_055","MCC_008","2025-12-04","Kiruhura",60,50,50,5,0,0,2,2,2,1,2,0,50,50,41,NA,NA,NA,2,2,2,NA,NA,NA,NA,NA,NA,NA,NA,NA,900,900,900,NA,NA,NA
"F_235","T_056","MCC_014","2025-12-04","Kiruhura",10,10,10,5,0,0,2,2,2,1,2,1,10,12,10,NA,NA,NA,1,1,1,NA,NA,NA,"Lactometer","Lactometer","Lactometer",NA,NA,NA,900,900,900,NA,NA,NA
"F_369","T_056","MCC_014","2025-12-04","Kiruhura",50,30,22,6,0,0,2,1,2,1,2,1,34,23,33,NA,NA,NA,1,1,1,NA,NA,NA,"Lactometer","Lactometer","Lactometer",NA,NA,NA,900,900,950,NA,NA,NA
"F_030","T_056","MCC_014","2025-12-04","Kiruhura",30,20,20,5,0,0,2,2,2,1,1,1,25,20,20,NA,NA,NA,1,1,1,NA,NA,NA,"Lactometer","Lactometer","Lactometer",NA,NA,NA,900,900,900,NA,NA,NA
"F_090","T_056","MCC_014","2025-12-05","Kiruhura",27,20,20,4,0,0,2,1,1,1,1,1,20,20,20,NA,NA,NA,1,1,1,NA,NA,NA,"Lactometer","Lactometer","Lactometer",NA,NA,NA,900,900,900,NA,NA,NA
"F_096","T_057","MCC_018","2025-12-03","Kiruhura",45,36,36,4,0,0,2,2,2,1,2,0,36,36,36,NA,NA,NA,1,1,1,NA,NA,NA,"Lactometer","Lactometer","Lactometer",NA,NA,NA,900,900,900,NA,NA,NA
"F_255","T_057","MCC_018","2025-12-03","Kiruhura",100,67,30,5,0,0,2,2,2,1,2,0,36,30,37,NA,NA,NA,1,1,1,NA,NA,NA,"Lactometer","Lactometer","Lactometer",NA,NA,NA,850,850,850,NA,NA,NA
"F_204","T_057","MCC_018","2025-12-03","Kiruhura",24,22,22,1,0,0,2,2,2,1,2,0,20,21,18,NA,NA,NA,1,1,1,NA,NA,NA,"Lactometer","Lactometer","Lactometer",NA,NA,NA,850,850,850,NA,NA,NA
"F_395","T_057","MCC_018","2025-12-03","Kiruhura",50,50,20,5,0,0,2,2,2,1,2,0,20,20,20,NA,NA,NA,1,1,1,NA,NA,NA,"Lactometer","Lactometer","Lactometer",NA,NA,NA,900,900,900,NA,NA,NA
"F_350","T_057","MCC_018","2025-12-03","Kiruhura",30,30,30,5,0,0,2,2,2,1,2,0,29,26,38,NA,NA,NA,1,1,1,NA,NA,NA,"Lactometer","Lactometer","Lactometer",NA,NA,NA,900,900,900,NA,NA,NA
"F_162","T_057","MCC_018","2025-12-03","Kiruhura",15,11,9,6,0,0,2,2,1,2,2,0,11,30,19,NA,NA,NA,1,1,1,NA,NA,NA,"Lactometer","Lactometer","Lactometer",NA,NA,NA,850,800,850,NA,NA,NA
"F_149","T_058","MCC_010","2025-12-06","Kazo",100,90,90,4,0,0,2,2,2,1,2,0,80,70,90,NA,NA,NA,1,1,1,NA,NA,NA,"Lactometer","Lactometer","Lactometer",NA,NA,NA,850,850,850,NA,NA,NA
"F_260","T_058","MCC_010","2025-12-06","Kazo",50,42,42,5,0,0,2,2,2,2,2,0,45,42,40,NA,NA,NA,2,2,2,NA,NA,NA,NA,NA,NA,NA,NA,NA,900,900,900,NA,NA,NA
"F_141","T_058","MCC_010","2025-12-06","Kazo",24,15,15,5,0,0,2,2,2,1,1,0,15,15,15,NA,NA,NA,1,1,1,NA,NA,NA,"Lactometer","Lactometer","Lactometer",NA,NA,NA,850,850,850,NA,NA,NA
"F_056","T_058","MCC_010","2025-12-06","Kazo",45,39,39,5,0,0,2,2,2,2,2,0,39,35,39,NA,NA,NA,2,2,2,NA,NA,NA,NA,NA,NA,NA,NA,NA,950,950,950,NA,NA,NA
"F_046","T_058","MCC_010","2025-12-06","Kazo",17,13,13,5,0,0,2,2,2,2,2,0,13,10,13,NA,NA,NA,1,1,1,NA,NA,NA,"Lactometer","Lactometer","Lactometer",NA,NA,NA,850,850,850,NA,NA,NA
"F_275","T_059","MCC_007","2025-12-04","Kiruhura",30,25,25,6,0,0,2,2,2,1,1,0,23,25,29,NA,NA,NA,2,2,2,NA,NA,NA,NA,NA,NA,NA,NA,NA,950,950,950,NA,NA,NA
"F_104","T_059","MCC_007","2025-12-04","Kiruhura",40,36,36,5,0,1,2,2,2,2,1,0,36,36,38,NA,NA,NA,1,1,1,NA,NA,NA,"Lactometer","Lactometer","Lactometer",NA,NA,NA,1000,1000,1000,NA,NA,NA
"F_145","T_059","MCC_007","2025-12-04","Kiruhura",10,9,9,6,0,0,1,2,1,2,1,0,9,9,9,NA,NA,NA,2,2,2,NA,NA,NA,NA,NA,NA,NA,NA,NA,1000,1000,1000,NA,NA,NA
"F_321","T_059","MCC_007","2025-12-04","Kiruhura",20,16,16,5,0,0,2,2,2,2,2,0,16,16,16,NA,NA,NA,2,2,2,NA,NA,NA,NA,NA,NA,NA,NA,NA,1000,1000,1000,NA,NA,NA
"F_206","T_059","MCC_007","2025-12-04","Kiruhura",60,45,45,6,0,0,2,2,2,1,1,0,45,38,30,NA,NA,NA,2,2,2,NA,NA,NA,NA,NA,NA,NA,NA,NA,950,950,950,NA,NA,NA
"F_365","T_060","MCC_005","2025-12-06","Kazo",10,6,6,5,0,0,2,2,2,2,2,0,6,8,6,NA,NA,NA,2,2,2,NA,NA,NA,NA,NA,NA,NA,NA,NA,800,800,800,NA,NA,NA
"F_339","T_060","MCC_005","2025-12-06","Kazo",40,30,30,5,0,0,2,2,2,2,2,0,33,30,32,NA,NA,NA,1,1,1,NA,NA,NA,"Lactometer","Lactometer","Lactometer",NA,NA,NA,800,800,800,NA,NA,NA
"F_343","T_060","MCC_005","2025-12-06","Kazo",18,12,12,5,0,0,2,2,2,2,2,0,15,12,14,NA,NA,NA,2,2,2,NA,NA,NA,NA,NA,NA,NA,NA,NA,800,800,800,NA,NA,NA
"F_136","T_060","MCC_005","2025-12-06","Kazo",6,0,0,5,0,0,2,2,2,2,2,0,6,6,6,NA,NA,NA,2,2,2,NA,NA,NA,NA,NA,NA,NA,NA,NA,800,800,800,NA,NA,NA
"F_358","T_060","MCC_005","2025-12-06","Kazo",12,10,10,6,0,0,2,2,1,1,1,0,10,8,8,NA,NA,NA,1,1,2,NA,NA,NA,"Lactometer","Lactometer",NA,NA,NA,NA,800,800,800,NA,NA,NA
"F_139","T_061","MCC_014","2025-12-05","Kiruhura",50,40,40,3,0,0,2,1,1,1,2,0,40,40,40,NA,NA,NA,2,1,2,NA,NA,NA,NA,"Lactometer",NA,NA,NA,NA,1000,1000,1000,NA,NA,NA
"F_383","T_061","MCC_014","2025-12-04","Kiruhura",80,70,70,5,0,0,2,2,2,2,2,0,50,40,35,NA,NA,NA,1,1,1,NA,NA,NA,"Lactometer","Lactometer","Lactometer",NA,NA,NA,950,950,950,NA,NA,NA
"F_130","T_062","MCC_008","2025-12-03","Kiruhura",65,58,58,6,0,0,2,2,2,2,1,0,58,58,58,NA,NA,NA,2,2,2,NA,NA,NA,NA,NA,NA,NA,NA,NA,900,900,900,NA,NA,NA
"F_170","T_062","MCC_008","2025-12-03","Kiruhura",90,80,50,6,0,0,2,2,2,2,1,0,50,50,50,NA,NA,NA,2,2,2,NA,NA,NA,NA,NA,NA,NA,NA,NA,900,900,900,NA,NA,NA
"F_226","T_063","MCC_005","2025-12-05","Kazo",70,30,30,4,0,0,2,2,2,2,1,0,40,37,37,NA,NA,NA,1,1,1,NA,NA,NA,"Lactometer","Lactometer","Lactometer",NA,NA,NA,850,850,850,NA,NA,NA
"F_265","T_063","MCC_005","2025-12-05","Kazo",35,25,25,4,0,0,2,2,2,2,2,0,34,35,35,NA,NA,NA,2,2,2,NA,NA,NA,NA,NA,NA,NA,NA,NA,900,900,900,NA,NA,NA
"F_194","T_063","MCC_005","2025-12-05","Kazo",27,25,25,4,0,0,2,2,2,1,2,0,23,25,24,NA,NA,NA,1,1,2,NA,NA,NA,"Lactometer","Lactometer",NA,NA,NA,NA,850,850,850,NA,NA,NA
"F_399","T_063","MCC_005","2025-12-05","Kazo",55,50,50,5,0,0,2,2,2,2,2,0,45,45,45,NA,NA,NA,2,2,2,NA,NA,NA,NA,NA,NA,NA,NA,NA,900,900,900,NA,NA,NA
"F_027","T_064","MCC_005","2025-12-05","Kazo",20,15,15,4,0,0,2,2,2,2,2,1,18,15,15,NA,NA,NA,2,2,2,NA,NA,NA,NA,NA,NA,NA,NA,NA,800,800,800,NA,NA,NA
"F_111","T_064","MCC_005","2025-12-05","Kazo",9,7,7,5,0,0,2,2,2,2,1,1,6,6,6,NA,NA,NA,2,2,2,NA,NA,NA,NA,NA,NA,NA,NA,NA,800,800,800,NA,NA,NA
"F_138","T_064","MCC_005","2025-12-05","Kazo",23,20,20,6,0,0,2,2,2,1,2,1,17,20,20,NA,NA,NA,2,2,2,NA,NA,NA,NA,NA,NA,NA,NA,NA,800,800,800,NA,NA,NA
"F_414","T_064","MCC_005","2025-12-05","Kazo",120,100,100,4,0,0,2,2,1,2,1,1,90,80,100,NA,NA,NA,1,2,2,NA,NA,NA,"Lactometer",NA,NA,NA,NA,NA,850,850,850,NA,NA,NA
"F_330","T_064","MCC_005","2025-12-05","Kazo",15,10,10,5,0,0,2,2,2,2,1,1,10,10,10,NA,NA,NA,2,2,2,NA,NA,NA,NA,NA,NA,NA,NA,NA,800,800,800,NA,NA,NA
"F_083","T_066","MCC_007","2025-12-03","Kiruhura",70,50,45,5,0,0,2,2,2,2,1,1,45,50,45,NA,NA,NA,2,2,2,NA,NA,NA,NA,NA,NA,NA,NA,NA,1000,1000,1000,NA,NA,NA
"F_356","T_066","MCC_007","2025-12-03","Kiruhura",125,110,110,5,0,0,2,2,2,1,1,1,110,115,104,NA,NA,NA,1,1,1,NA,NA,NA,"Lactometer","Lactometer","Lactometer",NA,NA,NA,1000,1000,1000,NA,NA,NA
"F_061","T_066","MCC_007","2025-12-03","Kiruhura",130,100,100,5,0,0,2,2,2,1,1,1,130,95,90,NA,NA,NA,2,2,2,NA,NA,NA,NA,NA,NA,NA,NA,NA,1000,1000,1000,NA,NA,NA
"F_363","T_066","MCC_007","2025-12-03","Kiruhura",55,50,50,5,0,0,2,2,2,1,1,1,50,48,50,NA,NA,NA,1,1,1,NA,NA,NA,"Lactometer","Lactometer","Lactometer",NA,NA,NA,900,900,900,NA,NA,NA
"F_413","T_066","MCC_007","2025-12-03","Kiruhura",68,52,52,6,0,0,2,2,2,1,2,1,52,55,50,NA,NA,NA,1,1,1,NA,NA,NA,"Lactometer","Lactometer","Lactometer",NA,NA,NA,900,900,900,NA,NA,NA
"F_311","T_067","MCC_006","2025-12-03","Kiruhura",80,60,60,5,0,0,1,2,2,1,2,0,60,54,58,NA,NA,NA,2,2,2,NA,NA,NA,NA,NA,NA,NA,NA,NA,1000,1000,1000,NA,NA,NA
"F_095","T_067","MCC_006","2025-12-03","Kiruhura",25,20,20,3,0,0,2,2,2,1,1,0,20,20,20,NA,NA,NA,2,2,2,NA,NA,NA,NA,NA,NA,NA,NA,NA,940,940,940,NA,NA,NA
"F_257","T_067","MCC_006","2025-12-03","Kiruhura",30,15,15,4,0,0,2,1,2,1,1,0,15,15,15,NA,NA,NA,2,2,2,NA,NA,NA,NA,NA,NA,NA,NA,NA,950,950,950,NA,NA,NA
"F_153","T_067","MCC_006","2025-12-03","Kiruhura",10,7,7,5,0,0,2,2,2,1,1,0,6,7,7,NA,NA,NA,2,2,2,NA,NA,NA,NA,NA,NA,NA,NA,NA,900,900,900,NA,NA,NA
"F_023","T_068","MCC_019","2025-12-03","Kiruhura",15,10,10,4,0,0,2,2,2,1,2,0,9,10,9,NA,NA,NA,2,2,2,NA,NA,NA,NA,NA,NA,NA,NA,NA,900,900,900,NA,NA,NA
"F_025","T_068","MCC_019","2025-12-03","Kiruhura",15,15,15,4,0,0,2,2,2,1,2,0,15,15,15,NA,NA,NA,1,1,1,NA,NA,NA,"Lactometer","Lactometer","Lactometer",NA,NA,NA,1000,1000,1000,NA,NA,NA
"F_022","T_068","MCC_019","2025-12-03","Kiruhura",17,9,9,4,0,0,2,2,2,1,2,0,9,9,7,NA,NA,NA,2,1,2,NA,NA,NA,NA,"Lactometer",NA,NA,NA,NA,800,800,800,NA,NA,NA
"F_117","T_068","MCC_019","2025-12-03","Kiruhura",25,22,12,5,0,0,2,2,2,1,1,0,15,15,12,NA,NA,NA,1,1,1,NA,NA,NA,"Lactometer","Lactometer","Lactometer",NA,NA,NA,950,900,900,NA,NA,NA
"F_041","T_068","MCC_019","2025-12-03","Kiruhura",8,5,5,4,0,0,1,2,2,1,1,0,10,8,6,NA,NA,NA,1,1,1,NA,NA,NA,"Lactometer","Lactometer","Lactometer",NA,NA,NA,900,900,900,NA,NA,NA
"F_106","T_069","MCC_002","2025-12-04","Kiruhura",130,120,120,5,0,0,2,2,2,2,2,0,120,125,125,NA,NA,NA,2,1,2,NA,NA,NA,NA,"Lactometer",NA,NA,NA,NA,850,800,850,NA,NA,NA
"F_244","T_069","MCC_002","2025-12-04","Kiruhura",300,280,130,5,0,0,2,1,1,1,1,0,150,130,135,NA,NA,NA,1,1,1,NA,NA,NA,"Lactometer","Lactometer","Lactometer",NA,NA,NA,900,900,850,NA,NA,NA
"F_288","T_070","MCC_019","2025-12-03","Kiruhura",40,36,36,4,0,0,2,1,2,1,1,0,30,25,33,NA,NA,NA,1,1,1,NA,NA,NA,"Lactometer","Lactometer","Lactometer",NA,NA,NA,900,900,900,NA,NA,NA
"F_146","T_070","MCC_019","2025-12-03","Kiruhura",18,11,11,6,0,0,2,2,2,1,2,0,11,12,10,NA,NA,NA,2,2,2,NA,NA,NA,NA,NA,NA,NA,NA,NA,900,900,900,NA,NA,NA
"F_250","T_070","MCC_019","2025-12-03","Kiruhura",40,35,15,6,0,0,2,2,2,1,2,0,15,15,15,NA,NA,NA,2,1,2,NA,NA,NA,NA,"Lactometer",NA,NA,NA,NA,900,900,900,NA,NA,NA
"F_239","T_070","MCC_019","2025-12-03","Kiruhura",33,23,18,5,0,0,2,2,2,1,2,0,15,15,18,NA,NA,NA,1,1,1,NA,NA,NA,"Lactometer","Lactometer","Lactometer",NA,NA,NA,900,900,900,NA,NA,NA
"F_380","T_070","MCC_019","2025-12-03","Kiruhura",40,15,15,5,0,0,2,2,2,1,1,0,20,20,15,NA,NA,NA,1,1,1,NA,NA,NA,"Lactometer","Lactometer","Lactometer",NA,NA,NA,850,850,850,NA,NA,NA
"F_198","T_071","MCC_010","2025-12-06","Kazo",30,25,25,5,0,0,2,2,2,2,2,1,22,25,25,NA,NA,NA,2,2,1,NA,NA,NA,NA,NA,"Lactometer",NA,NA,NA,950,950,950,NA,NA,NA
"F_038","T_071","MCC_010","2025-12-06","Kazo",15,10,10,5,0,0,2,2,2,2,2,1,10,10,10,NA,NA,NA,2,1,1,NA,NA,NA,NA,"Lactometer","Lactometer",NA,NA,NA,950,950,950,NA,NA,NA
"F_252","T_071","MCC_010","2025-12-06","Kazo",15,10,10,5,0,0,2,2,1,2,1,1,10,9,10,NA,NA,NA,2,2,2,NA,NA,NA,NA,NA,NA,NA,NA,NA,1000,1000,1000,NA,NA,NA
"F_037","T_071","MCC_010","2025-12-06","Kazo",11,6,6,4,0,0,2,2,2,2,1,1,6,7,6,NA,NA,NA,2,2,2,NA,NA,NA,NA,NA,NA,NA,NA,NA,900,900,900,NA,NA,NA
"F_158","T_071","MCC_010","2025-12-06","Kazo",12,8,8,5,0,0,2,2,2,2,2,1,8,8,8,NA,NA,NA,2,2,2,NA,NA,NA,NA,NA,NA,NA,NA,NA,1000,1000,1000,NA,NA,NA
"F_003","T_072","MCC_012","2025-12-03","Kiruhura",50,45,45,6,1,1,2,2,2,2,2,0,45,48,50,NA,NA,NA,1,1,1,NA,NA,NA,"Lactometer","Lactometer","Lactometer",NA,NA,NA,800,800,800,NA,NA,NA
"F_163","T_072","MCC_012","2025-12-03","Kiruhura",220,200,200,6,0,0,2,2,2,2,1,0,220,200,210,NA,NA,NA,1,1,1,NA,NA,NA,"Lactometer","Lactometer","Lactometer",NA,NA,NA,900,900,900,NA,NA,NA
"F_088","T_072","MCC_012","2025-12-03","Kiruhura",205,185,185,6,0,0,2,2,2,1,2,0,187,185,182,NA,NA,NA,1,1,1,NA,NA,NA,"Lactometer","Lactometer","Lactometer",NA,NA,NA,900,900,900,NA,NA,NA
"F_140","T_073","MCC_016","2025-12-05","Kazo",190,155,155,5,0,0,2,2,2,1,2,1,135,160,155,NA,NA,NA,2,2,2,NA,NA,NA,NA,NA,NA,NA,NA,NA,900,900,900,NA,NA,NA
"F_397","T_073","MCC_016","2025-12-05","Kazo",120,82,82,5,0,0,2,2,2,1,2,1,86,95,82,NA,NA,NA,2,2,2,NA,NA,NA,NA,NA,NA,NA,NA,NA,950,950,950,NA,NA,NA
"F_237","T_073","MCC_016","2025-12-05","Kazo",16,10,10,5,0,0,2,2,2,1,2,1,10,10,10,NA,NA,NA,2,2,2,NA,NA,NA,NA,NA,NA,NA,NA,NA,950,950,950,NA,NA,NA
"F_251","T_073","MCC_016","2025-12-05","Kazo",65,40,40,5,0,0,2,2,2,1,2,1,40,40,40,NA,NA,NA,2,2,2,NA,NA,NA,NA,NA,NA,NA,NA,NA,900,900,900,NA,NA,NA
"F_274","T_073","MCC_016","2025-12-05","Kazo",35,30,30,5,0,0,2,2,2,1,2,1,30,30,30,NA,NA,NA,2,2,2,NA,NA,NA,NA,NA,NA,NA,NA,NA,900,900,900,NA,NA,NA
"F_062","T_074","MCC_004","2025-12-04","Kiruhura",80,60,60,5,0,0,2,2,2,2,2,0,60,60,60,NA,NA,NA,2,2,2,NA,NA,NA,NA,NA,NA,NA,NA,NA,900,900,900,NA,NA,NA
"F_287","T_074","MCC_004","2025-12-04","Kiruhura",30,25,25,6,0,0,2,2,2,2,2,0,25,25,25,NA,NA,NA,1,1,1,NA,NA,NA,"Lactometer","Lactometer","Lactometer",NA,NA,NA,900,900,900,NA,NA,NA
"F_362","T_074","MCC_004","2025-12-04","Kiruhura",110,100,100,6,0,0,2,2,2,2,2,0,80,100,100,NA,NA,NA,2,2,1,NA,NA,NA,NA,NA,"Lactometer",NA,NA,NA,1000,1000,1000,NA,NA,NA
"F_184","T_074","MCC_004","2025-12-04","Kiruhura",40,30,30,6,0,0,2,2,2,2,2,0,40,30,35,NA,NA,NA,2,2,2,NA,NA,NA,NA,NA,NA,NA,NA,NA,900,900,900,NA,NA,NA
"F_388","T_074","MCC_004","2025-12-04","Kiruhura",45,40,40,6,0,0,2,2,2,2,2,0,35,40,40,NA,NA,NA,1,1,1,NA,NA,NA,"Lactometer","Lactometer","Lactometer",NA,NA,NA,900,900,900,NA,NA,NA
"F_189","T_075","MCC_008","2025-12-04","Kiruhura",15,10,10,5,0,0,2,2,2,1,2,1,10,6,6,NA,NA,NA,2,2,2,NA,NA,NA,NA,NA,NA,NA,NA,NA,900,900,900,NA,NA,NA
"F_042","T_075","MCC_008","2025-12-04","Kiruhura",25,20,20,6,0,0,2,2,2,1,2,1,20,20,22,NA,NA,NA,1,1,1,NA,NA,NA,"Lactometer","Lactometer","Lactometer",NA,NA,NA,900,900,900,NA,NA,NA
"F_085","T_075","MCC_008","2025-12-04","Kiruhura",30,25,25,5,0,0,2,2,2,1,2,1,30,30,25,NA,NA,NA,2,2,2,NA,NA,NA,NA,NA,NA,NA,NA,NA,900,900,900,NA,NA,NA
"F_228","T_075","MCC_008","2025-12-04","Kiruhura",35,25,25,5,0,2,2,2,2,1,2,1,30,25,30,NA,NA,NA,2,2,2,NA,NA,NA,NA,NA,NA,NA,NA,NA,900,900,900,NA,NA,NA
"F_266","T_075","MCC_008","2025-12-04","Kiruhura",30,25,25,5,0,0,2,2,2,1,2,1,25,30,30,NA,NA,NA,2,2,2,NA,NA,NA,NA,NA,NA,NA,NA,NA,900,900,900,NA,NA,NA
"F_051","T_076","MCC_008","2025-12-04","Kiruhura",40,30,30,4,0,0,2,2,2,2,1,0,30,30,30,NA,NA,NA,2,2,2,NA,NA,NA,NA,NA,NA,NA,NA,NA,950,950,950,NA,NA,NA
"F_273","T_076","MCC_008","2025-12-04","Kiruhura",35,29,29,5,0,0,2,2,2,1,1,0,28,25,26,NA,NA,NA,1,1,1,NA,NA,NA,"Lactometer","Lactometer","Lactometer",NA,NA,NA,950,950,950,NA,NA,NA
"F_352","T_076","MCC_008","2025-12-04","Kiruhura",54,33,17,4,0,0,2,2,2,1,1,0,20,17,23,NA,NA,NA,2,2,2,NA,NA,NA,NA,NA,NA,NA,NA,NA,900,900,900,NA,NA,NA
"F_366","T_079","MCC_004","2025-12-04","Kiruhura",80,60,60,3,0,0,2,1,1,1,1,0,50,50,60,NA,NA,NA,1,1,1,NA,NA,NA,"Lactometer","Lactometer","Lactometer",NA,NA,NA,1000,1000,1000,NA,NA,NA
"F_404","T_079","MCC_004","2025-12-04","Kiruhura",35,20,20,4,0,0,2,2,2,2,1,0,20,20,20,NA,NA,NA,1,1,1,NA,NA,NA,"Lactometer","Lactometer","Lactometer",NA,NA,NA,950,950,950,NA,NA,NA
"F_017","T_079","MCC_004","2025-12-04","Kiruhura",40,30,30,5,0,0,2,2,2,2,2,0,30,35,28,NA,NA,NA,2,2,2,NA,NA,NA,NA,NA,NA,NA,NA,NA,900,900,900,NA,NA,NA
"F_371","T_079","MCC_004","2025-12-04","Kiruhura",50,42,42,4,0,0,2,1,2,2,1,0,35,42,33,NA,NA,NA,2,2,1,NA,NA,NA,NA,NA,"Lactometer",NA,NA,NA,1000,1000,1000,NA,NA,NA
"F_253","T_079","MCC_004","2025-12-04","Kiruhura",40,30,30,4,0,0,2,2,2,2,1,0,28,30,25,NA,NA,NA,1,1,1,NA,NA,NA,"Lactometer","Lactometer","Lactometer",NA,NA,NA,900,900,900,NA,NA,NA
"F_381","T_080","MCC_005","2025-12-05","Kazo",25,20,2,6,0,0,2,2,2,1,1,1,20,20,20,NA,NA,NA,2,2,2,NA,NA,NA,NA,NA,NA,NA,NA,NA,800,800,800,NA,NA,NA
"F_272","T_080","MCC_005","2025-12-05","Kazo",150,120,12,5,0,0,2,2,2,1,1,1,120,NA,120,NA,120,NA,2,NA,2,NA,2,NA,NA,NA,NA,NA,NA,NA,800,NA,800,NA,800,NA
"F_272","T_080","MCC_005","2025-12-05","Kazo",23,19,19,6,0,0,2,2,2,2,1,1,NA,18,NA,18,NA,19,NA,2,NA,2,NA,2,NA,NA,NA,NA,NA,NA,NA,850,NA,850,NA,850
"F_059","T_080","MCC_005","2025-12-05","Kazo",50,32,32,6,0,0,2,2,1,1,1,1,31,30,32,NA,NA,NA,2,2,2,NA,NA,NA,NA,NA,NA,NA,NA,NA,800,800,800,NA,NA,NA
"F_092","T_080","MCC_005","2025-12-05","Kazo",25,20,20,6,0,0,2,2,2,1,1,1,20,20,20,NA,NA,NA,2,2,2,NA,NA,NA,NA,NA,NA,NA,NA,NA,800,800,800,NA,NA,NA
"F_055","T_081","MCC_016","2025-12-05","Kazo",35,27,27,5,0,0,2,2,1,1,2,0,27,29,29,NA,NA,NA,2,2,2,NA,NA,NA,NA,NA,NA,NA,NA,NA,900,900,900,NA,NA,NA
"F_279","T_081","MCC_016","2025-12-05","Kazo",300,250,250,5,0,0,2,2,2,1,1,0,250,240,260,NA,NA,NA,1,1,1,NA,NA,NA,"Lactometer","Lactometer","Lactometer",NA,NA,NA,900,900,900,NA,NA,NA
"F_385","T_081","MCC_016","2025-12-05","Kazo",200,160,160,6,0,0,2,2,2,2,1,0,170,150,165,NA,NA,NA,1,1,1,NA,NA,NA,"Lactometer","Lactometer","Lactometer",NA,NA,NA,900,900,900,NA,NA,NA
"F_382","T_081","MCC_016","2025-12-05","Kazo",60,50,50,5,0,0,2,2,2,1,2,0,50,55,60,NA,NA,NA,1,1,1,NA,NA,NA,"Lactometer","Lactometer","Lactometer",NA,NA,NA,900,900,900,NA,NA,NA
"F_364","T_081","MCC_016","2025-12-05","Kazo",300,200,200,6,0,0,2,2,2,1,2,0,250,200,200,NA,NA,NA,1,2,1,NA,NA,NA,"Lactometer",NA,"Lactometer",NA,NA,NA,900,900,950,NA,NA,NA
"F_191","T_082","MCC_012","2025-12-03","Kiruhura",160,125,85,5,0,0,2,2,2,1,2,1,62,81,85,NA,NA,NA,1,1,1,NA,NA,NA,"Lactometer","Lactometer","Lactometer",NA,NA,NA,800,800,800,NA,NA,NA
"F_028","T_082","MCC_012","2025-12-03","Kiruhura",330,310,310,6,0,0,2,2,1,1,2,1,320,310,320,NA,NA,NA,1,1,1,NA,NA,NA,"Lactometer","Lactometer","Lactometer",NA,NA,NA,800,800,800,NA,NA,NA
"F_220","T_082","MCC_012","2025-12-03","Kiruhura",47,40,40,6,0,0,2,2,1,1,2,1,40,42,45,NA,NA,NA,1,1,1,NA,NA,NA,"Lactometer","Lactometer","Lactometer",NA,NA,NA,800,800,800,NA,NA,NA
"F_118","T_082","MCC_012","2025-12-03","Kiruhura",35,30,30,5,0,0,2,2,2,1,2,1,30,34,34,NA,NA,NA,2,2,2,NA,NA,NA,NA,NA,NA,NA,NA,NA,800,800,800,NA,NA,NA
"F_115","T_082","MCC_012","2025-12-03","Kiruhura",55,49,49,5,0,0,2,2,2,1,1,1,49,50,49,NA,NA,NA,2,1,1,NA,NA,NA,NA,"Lactometer","Lactometer",NA,NA,NA,800,800,800,NA,NA,NA
"F_240","T_082","MCC_012","2025-12-03","Kiruhura",140,130,130,5,0,0,1,2,2,1,2,1,130,130,130,NA,NA,NA,1,1,1,NA,NA,NA,"Lactometer","Lactometer","Lactometer",NA,NA,NA,1000,1000,1000,NA,NA,NA
"F_080","T_083","MCC_014","2025-12-04","Kiruhura",150,140,140,6,0,0,2,2,2,2,1,1,140,150,140,NA,NA,NA,1,1,1,NA,NA,NA,"Lactometer","Lactometer","Lactometer",NA,NA,NA,1000,1000,1000,NA,NA,NA
"F_238","T_083","MCC_014","2025-12-04","Kiruhura",23,19,19,6,0,0,2,2,2,2,2,1,20,19,19,NA,NA,NA,1,1,1,NA,NA,NA,"Lactometer","Lactometer","Lactometer",NA,NA,NA,900,900,900,NA,NA,NA
"F_407","T_083","MCC_014","2025-12-04","Kiruhura",105,93,93,6,0,0,2,2,2,2,1,1,95,97,93,NA,NA,NA,1,1,1,NA,NA,NA,"Lactometer","Lactometer","Lactometer",NA,NA,NA,1000,1000,1000,NA,NA,NA
"F_093","T_083","MCC_014","2025-12-04","Kiruhura",130,120,120,6,0,0,2,1,2,2,1,1,120,121,120,NA,NA,NA,1,1,1,NA,NA,NA,"Lactometer","Lactometer","Lactometer",NA,NA,NA,1000,1000,1000,NA,NA,NA
"F_394","T_083","MCC_014","2025-12-04","Kiruhura",400,370,370,4,0,0,2,2,2,2,1,1,370,365,370,NA,NA,NA,1,1,1,NA,NA,NA,"Lactometer","Lactometer","Lactometer",NA,NA,NA,1000,1000,1000,NA,NA,NA
"F_186","T_084","MCC_001","2025-12-06","Kazo",22,19,19,4,0,0,2,2,2,1,2,1,19,17,19,NA,NA,NA,1,1,1,NA,NA,NA,"Lactometer","Lactometer","Lactometer",NA,NA,NA,850,850,850,NA,NA,NA
"F_127","T_084","MCC_001","2025-12-05","Kazo",70,60,60,3,0,0,2,2,2,1,1,1,60,65,60,NA,NA,NA,1,1,1,NA,NA,NA,"Lactometer","Lactometer","Lactometer",NA,NA,NA,875,875,875,NA,NA,NA
"F_132","T_084","MCC_001","2025-12-06","Kazo",60,50,25,4,0,0,2,2,2,1,2,1,25,25,25,NA,NA,NA,1,1,1,NA,NA,NA,"Lactometer","Lactometer","Lactometer",NA,NA,NA,900,900,900,NA,NA,NA
"F_089","T_084","MCC_001","2025-12-05","Kazo",30,28,28,4,0,0,2,2,2,2,1,1,15,25,15,NA,NA,NA,2,2,2,NA,NA,NA,NA,NA,NA,NA,NA,NA,850,850,850,NA,NA,NA
"F_050","T_085","MCC_014","2025-12-04","Kiruhura",15,8,8,5,0,0,2,2,2,1,2,1,8,10,7,NA,NA,NA,2,2,2,NA,NA,NA,NA,NA,NA,NA,NA,NA,900,900,900,NA,NA,NA
"F_199","T_085","MCC_014","2025-12-04","Kiruhura",20,15,15,5,0,0,2,2,2,1,2,1,15,17,15,NA,NA,NA,2,2,2,NA,NA,NA,NA,NA,NA,NA,NA,NA,900,900,900,NA,NA,NA
"F_230","T_085","MCC_014","2025-12-04","Kiruhura",40,32,32,5,0,0,2,2,2,1,1,1,32,34,32,NA,NA,NA,2,2,2,NA,NA,NA,NA,NA,NA,NA,NA,NA,900,900,900,NA,NA,NA
"F_174","T_085","MCC_014","2025-12-04","Kiruhura",175,155,155,5,0,0,2,2,2,1,2,1,108,122,155,NA,NA,NA,2,2,2,NA,NA,NA,NA,NA,NA,NA,NA,NA,1000,1000,1000,NA,NA,NA
"F_261","T_085","MCC_014","2025-12-04","Kiruhura",70,70,20,5,0,0,2,2,2,1,1,1,20,20,20,NA,NA,NA,2,2,2,NA,NA,NA,NA,NA,NA,NA,NA,NA,900,900,900,NA,NA,NA
"F_307","T_085","MCC_014","2025-12-04","Kiruhura",40,35,35,5,0,0,2,2,2,1,2,1,35,35,32,NA,NA,NA,2,2,2,NA,NA,NA,NA,NA,NA,NA,NA,NA,900,900,900,NA,NA,NA
"F_298","T_086","MCC_014","2025-12-04","Kiruhura",15,9,9,5,0,0,2,2,2,1,2,1,9,9,9,NA,NA,NA,1,1,1,NA,NA,NA,"Lactometer","Lactometer","Lactometer",NA,NA,NA,900,900,900,NA,NA,NA
"F_068","T_086","MCC_014","2025-12-04","Kiruhura",14,10,10,5,0,0,2,2,2,1,2,1,10,10,10,NA,NA,NA,2,2,2,NA,NA,NA,NA,NA,NA,NA,NA,NA,800,800,800,NA,NA,NA
"F_229","T_086","MCC_014","2025-12-04","Kiruhura",52,44,44,6,0,0,2,2,2,2,2,1,43,44,44,NA,NA,NA,1,1,1,NA,NA,NA,"Lactometer","Lactometer","Lactometer",NA,NA,NA,900,900,900,NA,NA,NA
"F_069","T_086","MCC_014","2025-12-04","Kiruhura",20,16,16,6,0,0,2,2,2,1,2,1,16,17,16,NA,NA,NA,2,2,2,NA,NA,NA,NA,NA,NA,NA,NA,NA,900,900,900,NA,NA,NA
"F_334","T_086","MCC_014","2025-12-04","Kiruhura",100,80,80,5,0,0,2,2,2,1,2,1,80,80,80,NA,NA,NA,1,1,1,NA,NA,NA,"Lactometer","Lactometer","Lactometer",NA,NA,NA,900,900,900,NA,NA,NA
"F_355","T_087","MCC_005","2025-12-05","Kazo",40,35,35,4,0,0,2,1,2,1,2,0,55,35,55,NA,NA,NA,2,2,2,NA,NA,NA,NA,NA,NA,NA,NA,NA,900,900,900,NA,NA,NA
"F_004","T_087","MCC_005","2025-12-05","Kazo",80,70,70,6,0,0,2,2,2,1,1,0,70,68,65,NA,NA,NA,2,2,2,NA,NA,NA,NA,NA,NA,NA,NA,NA,850,850,850,NA,NA,NA
"F_416","T_087","MCC_005","2025-12-05","Kazo",34,30,30,5,0,0,2,2,2,1,1,0,32,30,32,NA,NA,NA,1,2,1,NA,NA,NA,"Lactometer",NA,"Lactometer",NA,NA,NA,850,850,850,NA,NA,NA
"F_333","T_087","MCC_005","2025-12-05","Kazo",10,7,7,6,0,0,2,2,2,2,1,0,9,9,10,NA,NA,NA,2,2,2,NA,NA,NA,NA,NA,NA,NA,NA,NA,850,850,850,NA,NA,NA
"F_308","T_087","MCC_005","2025-12-06","Kazo",80,70,70,6,0,0,2,2,2,1,1,0,65,70,70,NA,NA,NA,1,1,1,NA,NA,NA,"Lactometer","Lactometer","Lactometer",NA,NA,NA,850,850,850,NA,NA,NA
"F_193","T_088","MCC_019","2025-12-03","Kiruhura",80,60,60,6,0,0,2,2,2,2,2,0,70,70,70,NA,NA,NA,1,1,1,NA,NA,NA,"Lactometer","Lactometer","Lactometer",NA,NA,NA,900,900,900,NA,NA,NA
"F_389","T_088","MCC_019","2025-12-03","Kiruhura",40,35,15,5,0,0,2,2,2,2,2,0,15,15,15,NA,NA,NA,1,1,1,NA,NA,NA,"Lactometer","Lactometer","Lactometer",NA,NA,NA,800,800,800,NA,NA,NA
"F_398","T_088","MCC_019","2025-12-03","Kiruhura",50,30,20,6,0,0,2,2,2,2,1,0,20,20,20,NA,NA,NA,1,1,1,NA,NA,NA,"Lactometer","Lactometer","Lactometer",NA,NA,NA,800,800,800,NA,NA,NA
"F_256","T_088","MCC_019","2025-12-03","Kiruhura",30,20,20,6,0,1,2,2,2,2,1,0,20,20,20,NA,NA,NA,1,1,1,NA,NA,NA,"Lactometer","Lactometer","Lactometer",NA,NA,NA,900,900,900,NA,NA,NA
"F_120","T_088","MCC_019","2025-12-03","Kiruhura",50,35,35,6,0,0,2,2,2,1,2,0,38,31,35,NA,NA,NA,1,1,1,NA,NA,NA,"Lactometer","Lactometer","Lactometer",NA,NA,NA,800,800,800,NA,NA,NA
"F_301","T_089","MCC_013","2025-12-05","Kazo",23,18,18,3,0,0,2,2,2,1,1,1,18,18,20,NA,NA,NA,1,1,1,NA,NA,NA,"Lactometer","Lactometer","Lactometer",NA,NA,NA,900,900,900,NA,NA,NA
"F_010","T_089","MCC_013","2025-12-05","Kazo",35,35,35,6,0,0,2,2,2,1,2,1,35,35,35,NA,NA,NA,2,1,1,NA,NA,NA,NA,"Lactometer","Lactometer",NA,NA,NA,850,850,850,NA,NA,NA
"F_368","T_089","MCC_013","2025-12-05","Kazo",23,21,21,5,0,0,2,2,2,1,1,1,21,22,20,NA,NA,NA,1,1,1,NA,NA,NA,"Lactometer","Lactometer","Lactometer",NA,NA,NA,850,850,850,NA,NA,NA
"F_291","T_089","MCC_013","2025-12-05","Kazo",150,140,140,4,0,0,1,2,2,1,2,1,117,120,118,NA,NA,NA,1,1,1,NA,NA,NA,"Lactometer","Lactometer","Lactometer",NA,NA,NA,950,950,950,NA,NA,NA
"F_060","T_089","MCC_013","2025-12-05","Kazo",100,86,86,5,0,0,2,2,2,1,1,1,90,87,86,NA,NA,NA,1,1,1,NA,NA,NA,"Lactometer","Lactometer","Lactometer",NA,NA,NA,850,850,850,NA,NA,NA
"F_341","T_090","MCC_008","2025-12-04","Kiruhura",42,30,30,4,0,0,2,2,2,2,1,1,32,31,30,NA,NA,NA,1,2,1,NA,NA,NA,"Lactometer",NA,"Lactometer",NA,NA,NA,900,900,900,NA,NA,NA
"F_249","T_090","MCC_008","2025-12-03","Kiruhura",99,87,87,5,0,0,2,2,2,2,2,1,85,87,80,NA,NA,NA,1,1,1,NA,NA,NA,"Lactometer","Lactometer","Lactometer",NA,NA,NA,900,900,900,NA,NA,NA
"F_396","T_090","MCC_008","2025-12-03","Kiruhura",90,90,90,6,0,0,2,2,2,2,1,1,90,90,90,NA,NA,NA,1,1,1,NA,NA,NA,"Lactometer Alcohol Lactoscan","Lactometer Alcohol Lactoscan","Lactometer Alcohol Lactoscan",NA,NA,NA,1000,1000,1000,NA,NA,NA
"F_008","T_091","MCC_011","2025-12-04","Kiruhura",20,11,11,6,0,0,2,2,2,1,2,0,10,20,10,NA,NA,NA,2,1,1,NA,NA,NA,NA,"Lactometer","Lactometer",NA,NA,NA,800,800,800,NA,NA,NA
"F_020","T_091","MCC_011","2025-12-04","Kiruhura",20,15,15,4,0,0,2,2,2,1,1,0,15,14,16,NA,NA,NA,2,2,2,NA,NA,NA,NA,NA,NA,NA,NA,NA,925,925,925,NA,NA,NA
"F_304","T_091","MCC_011","2025-12-04","Kiruhura",13,10,10,6,0,0,2,2,2,1,2,0,10,10,10,NA,NA,NA,1,1,1,NA,NA,NA,"Lactometer","Lactometer","Lactometer",NA,NA,NA,850,850,850,NA,NA,NA
"F_331","T_091","MCC_011","2025-12-04","Kiruhura",10,8,8,6,0,0,2,2,2,1,2,0,8,8,8,NA,NA,NA,1,1,1,NA,NA,NA,"Lactometer","Lactometer","Lactometer",NA,NA,NA,800,800,800,NA,NA,NA
"F_012","T_091","MCC_011","2025-12-04","Kiruhura",21,12,12,6,0,0,2,2,2,1,2,0,13,12,12,NA,NA,NA,1,1,1,NA,NA,NA,"Lactometer","Lactometer","Lactometer",NA,NA,NA,900,900,900,NA,NA,NA
"F_054","T_092","MCC_005","2025-12-05","Kazo",20,15,15,4,0,0,2,2,2,2,2,0,14,15,15,NA,NA,NA,2,2,2,NA,NA,NA,NA,NA,NA,NA,NA,NA,800,800,800,NA,NA,NA
"F_107","T_092","MCC_005","2025-12-05","Kazo",23,18,18,6,0,0,2,2,2,2,2,0,19,18,16,NA,NA,NA,1,1,2,NA,NA,NA,"Lactometer","Lactometer",NA,NA,NA,NA,800,800,800,NA,NA,NA
"F_081","T_092","MCC_005","2025-12-05","Kazo",140,125,125,5,0,0,2,2,2,2,2,0,125,116,120,NA,NA,NA,1,1,1,NA,NA,NA,"Lactometer","Lactometer","Lactometer",NA,NA,NA,850,850,850,NA,NA,NA
"F_280","T_092","MCC_005","2025-12-05","Kazo",120,100,100,5,0,0,2,2,2,2,2,0,100,100,100,NA,NA,NA,1,1,1,NA,NA,NA,"Lactometer","Lactometer","Lactometer",NA,NA,NA,850,850,850,NA,NA,NA
"F_365","T_092","MCC_005","2025-12-05","Kazo",48,38,38,5,0,0,2,2,2,1,2,0,NA,NA,NA,35,36,38,NA,NA,NA,1,1,1,NA,NA,NA,"Lactometer","Lactometer","Lactometer",NA,NA,NA,850,850,850
"F_091","T_092","MCC_005","2025-12-05","Kazo",20,15,15,5,0,0,2,2,2,2,2,0,15,18,15,NA,NA,NA,1,1,1,NA,NA,NA,"Lactometer","Lactometer","Lactometer",NA,NA,NA,800,800,800,NA,NA,NA
"F_370","T_093","MCC_004","2025-12-04","Kiruhura",30,25,25,6,0,0,1,2,2,2,1,1,26,25,28,NA,NA,NA,1,1,1,NA,NA,NA,"Lactometer","Lactometer","Lactometer",NA,NA,NA,900,900,900,NA,NA,NA
"F_065","T_093","MCC_004","2025-12-04","Kiruhura",30,20,5,6,0,0,2,2,2,2,1,1,25,10,18,NA,NA,NA,1,1,1,NA,NA,NA,"Lactometer","Lactometer","Lactometer",NA,NA,NA,1100,1100,1100,NA,NA,NA
"F_405","T_093","MCC_004","2025-12-04","Kiruhura",30,20,12,5,0,0,1,2,2,1,2,1,11,12,15,NA,NA,NA,2,2,2,NA,NA,NA,NA,NA,NA,NA,NA,NA,900,900,900,NA,NA,NA
"F_219","T_093","MCC_004","2025-12-04","Kiruhura",30,22,22,5,0,0,2,2,2,1,2,1,20,22,25,NA,NA,NA,1,1,1,NA,NA,NA,"Lactometer","Lactometer","Lactometer",NA,NA,NA,900,900,900,NA,NA,NA
"F_203","T_093","MCC_004","2025-12-04","Kiruhura",15,10,10,4,0,0,2,1,1,2,2,1,10,13,15,NA,NA,NA,2,2,2,NA,NA,NA,NA,NA,NA,NA,NA,NA,950,950,950,NA,NA,NA
"F_332","T_094","MCC_012","2025-12-03","Kiruhura",33,23,23,6,0,0,2,2,2,1,1,1,26,28,23,NA,NA,NA,1,1,1,NA,NA,NA,"Lactometer","Lactometer","Lactometer",NA,NA,NA,800,800,800,NA,NA,NA
"F_013","T_094","MCC_012","2025-12-03","Kiruhura",207,200,200,5,0,0,2,2,2,2,2,1,195,200,200,NA,NA,NA,1,1,1,NA,NA,NA,"Lactometer","Lactometer","Lactometer",NA,NA,NA,900,900,900,NA,NA,NA
"F_289","T_094","MCC_012","2025-12-03","Kiruhura",165,150,150,3,0,0,2,2,1,1,1,1,150,160,120,NA,NA,NA,1,1,2,NA,NA,NA,"Lactometer","Lactometer",NA,NA,NA,NA,800,800,800,NA,NA,NA
"F_412","T_094","MCC_012","2025-12-03","Kiruhura",200,190,190,6,0,0,2,2,2,1,1,1,190,190,165,NA,NA,NA,1,1,2,NA,NA,NA,"Lactometer","Lactometer",NA,NA,NA,NA,900,900,900,NA,NA,NA
"F_036","T_095","MCC_010","2025-12-06","Kazo",10,7,7,4,0,0,2,1,1,1,2,0,7,10,15,NA,NA,NA,1,1,1,NA,NA,NA,"Lactometer","Lactometer","Lactometer",NA,NA,NA,950,900,950,NA,NA,NA
"F_271","T_095","MCC_010","2025-12-06","Kazo",15,10,10,5,0,0,2,2,1,1,1,0,10,10,10,NA,NA,NA,1,1,1,NA,NA,NA,"Lactometer","Lactometer","Lactometer",NA,NA,NA,950,950,850,NA,NA,NA
"F_293","T_095","MCC_010","2025-12-06","Kazo",94,87,87,4,0,0,2,2,2,2,1,0,88,86,87,NA,NA,NA,1,1,1,NA,NA,NA,"Lactometer","Lactometer","Lactometer",NA,NA,NA,1000,1000,1000,NA,NA,NA
"F_167","T_095","MCC_010","2025-12-06","Kazo",19,15,15,6,0,0,2,2,2,2,1,0,15,15,15,NA,NA,NA,1,1,1,NA,NA,NA,"Lactometer","Lactometer","Lactometer",NA,NA,NA,900,900,900,NA,NA,NA
"F_137","T_095","MCC_010","2025-12-06","Kazo",23,17,12,4,0,0,2,2,2,2,1,0,8,12,6,NA,NA,NA,2,2,2,NA,NA,NA,NA,NA,NA,NA,NA,NA,900,900,900,NA,NA,NA
"F_173","T_096","MCC_003","2025-12-05","Kazo",60,52,52,6,0,0,2,2,2,2,2,0,59,59,52,NA,NA,NA,2,2,2,NA,NA,NA,NA,NA,NA,NA,NA,NA,1000,1000,1000,NA,NA,NA
"F_299","T_096","MCC_003","2025-12-05","Kazo",190,160,40,6,0,0,2,1,1,1,2,0,40,35,39,NA,NA,NA,1,1,1,NA,NA,NA,"Lactometer","Lactometer","Lactometer",NA,NA,NA,900,900,900,NA,NA,NA
"F_043","T_096","MCC_003","2025-12-05","Kazo",70,64,64,6,0,0,2,1,1,1,1,0,64,64,50,NA,NA,NA,1,1,1,NA,NA,NA,"Lactometer","Lactometer","Lactometer",NA,NA,NA,1050,1050,1050,NA,NA,NA
"F_373","T_096","MCC_003","2025-12-05","Kazo",73,65,65,6,0,0,2,2,1,1,2,0,65,63,65,NA,NA,NA,1,1,1,NA,NA,NA,"Lactometer","Lactometer","Lactometer",NA,NA,NA,900,900,900,NA,NA,NA
"F_169","T_096","MCC_003","2025-12-05","Kazo",66,51,51,6,0,0,2,2,2,2,2,0,51,51,50,NA,NA,NA,1,1,1,NA,NA,NA,"Lactometer","Lactometer","Lactometer",NA,NA,NA,900,900,900,NA,NA,NA
"F_078","T_097","MCC_014","2025-12-04","Kiruhura",120,70,70,5,0,0,2,2,2,2,2,0,70,75,70,NA,NA,NA,1,1,1,NA,NA,NA,"Lactometer","Lactometer","Lactometer",NA,NA,NA,950,900,900,NA,NA,NA
"F_077","T_097","MCC_014","2025-12-04","Kiruhura",90,70,70,5,0,0,2,2,2,1,2,0,65,70,67,NA,NA,NA,2,1,1,NA,NA,NA,NA,"Lactometer","Lactometer",NA,NA,NA,950,950,950,NA,NA,NA
"F_205","T_097","MCC_014","2025-12-04","Kiruhura",97,91,91,6,0,0,2,2,2,2,2,0,90,91,91,NA,NA,NA,1,1,1,NA,NA,NA,"Lactometer","Lactometer","Lactometer",NA,NA,NA,900,900,900,NA,NA,NA
"F_337","T_097","MCC_014","2025-12-04","Kiruhura",45,35,35,6,0,0,2,2,2,2,1,0,37,35,40,NA,NA,NA,1,1,1,NA,NA,NA,"Lactometer","Lactometer","Lactometer",NA,NA,NA,950,950,950,NA,NA,NA
"F_185","T_097","MCC_014","2025-12-04","Kiruhura",120,95,50,6,0,0,2,2,2,2,2,0,60,55,60,NA,NA,NA,1,1,1,NA,NA,NA,"Lactometer","Lactometer","Lactometer",NA,NA,NA,950,950,950,NA,NA,NA
"F_315","T_097","MCC_014","2025-12-04","Kiruhura",20,20,20,5,0,0,2,2,2,1,2,0,20,20,20,NA,NA,NA,1,1,1,NA,NA,NA,"Lactometer","Lactometer","Lactometer",NA,NA,NA,900,900,900,NA,NA,NA
"F_164","T_098","MCC_003","2025-12-05","Kazo",100,80,80,4,0,0,2,2,2,2,2,0,75,80,71,NA,NA,NA,2,2,2,NA,NA,NA,NA,NA,NA,NA,NA,NA,1000,1000,1000,NA,NA,NA
"F_195","T_098","MCC_003","2025-12-05","Kazo",120,110,110,6,0,1,2,2,2,2,2,0,110,104,110,NA,NA,NA,2,2,2,NA,NA,NA,NA,NA,NA,NA,NA,NA,1000,1000,1000,NA,NA,NA
"F_349","T_098","MCC_003","2025-12-05","Kazo",80,70,70,5,0,0,2,2,2,2,1,0,70,69,60,NA,NA,NA,2,2,2,NA,NA,NA,NA,NA,NA,NA,NA,NA,950,950,950,NA,NA,NA
"F_411","T_098","MCC_003","2025-12-05","Kazo",135,115,115,6,0,0,2,2,2,2,2,0,115,120,115,NA,NA,NA,2,2,2,NA,NA,NA,NA,NA,NA,NA,NA,NA,1000,1000,1000,NA,NA,NA
"F_094","T_098","MCC_003","2025-12-05","Kazo",27,25,25,4,0,0,2,2,1,2,1,0,25,26,25,NA,NA,NA,2,2,2,NA,NA,NA,NA,NA,NA,NA,NA,NA,950,950,950,NA,NA,NA
"F_034","T_099","MCC_008","2025-12-04","Kiruhura",16,11,11,4,0,0,2,2,2,1,2,0,9,11,10,NA,NA,NA,2,2,2,NA,NA,NA,NA,NA,NA,NA,NA,NA,900,900,900,NA,NA,NA
"F_320","T_099","MCC_008","2025-12-04","Kiruhura",13,8,8,4,0,0,2,2,2,1,2,0,8,9,8,NA,NA,NA,2,2,2,NA,NA,NA,NA,NA,NA,NA,NA,NA,900,900,900,NA,NA,NA
"F_161","T_099","MCC_008","2025-12-04","Kiruhura",25,20,20,4,0,0,2,2,2,1,2,0,20,22,20,NA,NA,NA,1,1,1,NA,NA,NA,"Lactometer","Lactometer","Lactometer",NA,NA,NA,900,900,900,NA,NA,NA
"F_181","T_099","MCC_008","2025-12-04","Kiruhura",30,20,20,5,0,0,2,2,2,1,2,0,15,18,20,NA,NA,NA,1,1,1,NA,NA,NA,"Lactometer","Lactometer","Lactometer",NA,NA,NA,900,900,900,NA,NA,NA
"F_270","T_100","MCC_003","2025-12-05","Kazo",120,100,100,6,0,0,2,2,2,2,1,1,55,100,105,NA,NA,NA,1,1,1,NA,NA,NA,"Lactometer","Lactometer","Lactometer",NA,NA,NA,900,900,900,NA,NA,NA
"F_338","T_100","MCC_003","2025-12-05","Kazo",40,35,35,5,0,0,2,1,2,2,2,1,40,35,35,NA,NA,NA,1,1,1,NA,NA,NA,"Lactometer","Lactometer","Lactometer",NA,NA,NA,900,900,900,NA,NA,NA
"F_282","T_100","MCC_003","2025-12-05","Kazo",143,113,113,5,0,0,2,1,2,2,1,1,121,131,113,NA,NA,NA,1,1,1,NA,NA,NA,"Lactometer","Lactometer","Lactometer",NA,NA,NA,900,900,900,NA,NA,NA
"F_180","T_100","MCC_003","2025-12-05","Kazo",32,22,22,6,0,0,2,2,2,2,1,1,28,23,28,NA,NA,NA,1,1,1,NA,NA,NA,"Lactometer","Lactometer","Lactometer",NA,NA,NA,900,900,900,NA,NA,NA
