"MCC_ID","farmer_ID","sample_ID","Alcohol.Test","Qty","Price","Fat","SNF","Protein","Added.Water","Analogue.Lactometer.Test","Rejected","Corrected.Lactometer.Reading","Analogue.Test.Done","Milk.Analyzer.Test.Done","Created.Date","date","time"
"MCC_107","F_1","S_1","Pass",50,400,2.8,9.1,4.2,2.2,"N/A","No","32.6","Yes","Yes","2023-10-15 15:57:24",2023-10-14,"20:08:05"
"MCC_107","F_1","S_2","Pass",50,450,3,8,2,0,"N/A","No","27.1","Yes","Yes","2023-10-16 16:54:46",2023-10-16,"16:54:37"
"MCC_107","F_2","S_1","Pass",50,400,2.3,9.1,4,2,"N/A","No","N/A","Yes","Yes","2023-10-15 15:57:24",2023-10-14,"14:53:15"
"MCC_107","F_3","S_1","Pass",NA,NA,2.3,9.1,4,2,"N/A","No","32","Yes","Yes","2023-10-15 15:57:24",2023-10-14,"14:49:54"
"MCC_107","F_4","S_2","Pass",NA,NA,2.3,9.2,2.9,2,"N/A","Yes","32.6","Yes","Yes","2023-10-15 15:57:24",2023-10-14,"14:41:31"
"MCC_107","F_4","S_1","Pass",80,400,2.3,9.2,2.9,2,"N/A","No","32.6","Yes","Yes","2023-10-15 15:57:24",2023-10-14,"14:47:37"
"MCC_107","F_5","S_5","Pass",132,450,4.2,8.7,3.2,0,"N/A","No","28.9","Yes","Yes","2023-10-19 14:38:52",2023-10-19,"14:38:51"
"MCC_107","F_5","S_1","Pass",171,450,4,8.8,3.2,0,"N/A","No","30.6","Yes","Yes","2023-10-21 15:30:22",2023-10-21,"15:30:20"
"MCC_107","F_5","S_2","Pass",116,450,3.9,9,3.3,0,"N/A","No","30.2","Yes","Yes","2023-10-17 17:38:44",2023-10-17,"17:36:11"
"MCC_107","F_5","S_3","Pass",116,450,4.2,9,3.3,0,"N/A","No","30.2","Yes","Yes","2023-10-18 11:27:44",2023-10-17,"17:49:00"
"MCC_107","F_5","S_4","Pass",116,450,4,8.6,4,0,"N/A","No","28.5","Yes","Yes","2023-10-18 12:20:36",2023-10-18,"12:20:35"
"MCC_59","F_1","S_1","Pass",10,500,2.1,6.5,4.5,46,"N/A","No","20","Yes","Yes","2023-10-15 16:10:38",2023-10-15,"16:10:36"
"MCC_49","F_1","S_1","N/A",25,400,3.4,8.6,3.2,0,"N/A","No","28.1","Yes","Yes","2023-10-18 20:35:47",2023-10-18,"20:35:46"
"MCC_49","F_2","S_1","Pass",25,500,3.5,8.9,3.3,0,"N/A","No","29.9","Yes","Yes","2023-10-15 18:39:02",2023-10-15,"18:39:01"
"MCC_107","F_6","S_2","Pass",50,350,4.2,9.2,3.9,0,"N/A","No","29","Yes","Yes","2023-10-15 19:33:45",2023-10-15,"19:31:43"
"MCC_107","F_6","S_6","Pass",50,450,3.2,8.8,3.2,0,"N/A","No","26.7","Yes","Yes","2023-10-19 14:37:22",2023-10-19,"14:37:22"
"MCC_107","F_6","S_4","Pass",50,450,4.5,8.6,3.4,28.6,"N/A","No","31","Yes","Yes","2023-10-17 17:38:44",2023-10-17,"17:31:53"
"MCC_107","F_6","S_5","Pass",50,450,4,9,3.3,0,"N/A","No","30","Yes","Yes","2023-10-18 12:18:59",2023-10-18,"12:18:58"
"MCC_107","F_6","S_1","Pass",49,450,4,9,3.3,0,"N/A","No","30.1","Yes","Yes","2023-10-21 15:32:52",2023-10-21,"15:32:52"
"MCC_107","F_6","S_3","Pass",50,350,4.2,9.2,3.9,0,"N/A","No","29","Yes","Yes","2023-10-15 19:33:45",2023-10-15,"19:31:43"
"MCC_107","F_7","S_1","Pass",20,450,4.7,9.6,3.2,0,"N/A","No","31.2","Yes","Yes","2023-10-21 15:29:04",2023-10-21,"15:29:03"
"MCC_107","F_7","S_3","Pass",44,350,4.4,8.9,3.9,0,"N/A","No","26.6","Yes","Yes","2023-10-15 19:33:45",2023-10-15,"19:29:51"
"MCC_107","F_7","S_7","Pass",20,450,4.7,9.4,3.4,0,"N/A","No","31","Yes","Yes","2023-10-19 14:36:08",2023-10-19,"14:36:08"
"MCC_107","F_7","S_2","Pass",44,350,4.4,8.9,3.9,0,"N/A","No","26.6","Yes","Yes","2023-10-15 19:33:45",2023-10-15,"19:29:51"
"MCC_107","F_7","S_5","Pass",20,450,4.5,9.4,3.4,0,"N/A","No","31.2","Yes","Yes","2023-10-17 17:38:44",2023-10-17,"17:33:29"
"MCC_107","F_7","S_6","Pass",28,450,4,9.1,3.3,0,"N/A","No","30.1","Yes","Yes","2023-10-18 12:17:10",2023-10-18,"12:17:09"
"MCC_107","F_7","S_4","Pass",20,450,4.7,8.6,3.2,0,"N/A","No","29.1","Yes","Yes","2023-10-16 17:04:07",2023-10-16,"17:04:06"
"MCC_107","F_8","S_1","Pass",5,350,3.9,9,3.4,0,"N/A","No","28","Yes","Yes","2023-10-15 19:33:45",2023-10-15,"19:27:27"
"MCC_107","F_8","S_2","Pass",5,350,3.9,9,3.4,0,"N/A","No","28","Yes","Yes","2023-10-15 19:33:45",2023-10-15,"19:27:27"
"MCC_107","F_9","S_1","Pass",5,350,4,9.2,3.5,0,"N/A","No","29","Yes","Yes","2023-10-15 19:33:45",2023-10-15,"19:26:31"
"MCC_107","F_9","S_3","Pass",5,450,4.5,9.1,3.3,0,"N/A","No","30.2","Yes","Yes","2023-10-17 17:45:36",2023-10-17,"17:45:05"
"MCC_107","F_9","S_2","Pass",5,350,4,9.2,3.5,0,"N/A","No","29","Yes","Yes","2023-10-15 19:33:45",2023-10-15,"19:26:31"
"MCC_107","F_10","S_2","Pass",5,350,4.1,9,3.3,0,"N/A","No","30","Yes","Yes","2023-10-15 19:33:45",2023-10-15,"19:25:06"
"MCC_107","F_10","S_1","Pass",NA,NA,3.1,8.2,3,4,"N/A","Yes","27.8","Yes","Yes","2023-10-21 15:28:00",2023-10-21,"15:27:59"
"MCC_107","F_10","S_4","Pass",NA,NA,3.8,8.1,3.1,4,"N/A","Yes","25.6","Yes","Yes","2023-10-16 17:01:35",2023-10-16,"17:01:33"
"MCC_107","F_10","S_5","Pass",5,450,5.1,8.8,3.2,0,"N/A","No","28.2","Yes","Yes","2023-10-18 12:14:35",2023-10-18,"12:14:34"
"MCC_107","F_10","S_3","Pass",5,350,4.1,9,3.3,0,"N/A","No","30","Yes","Yes","2023-10-15 19:33:45",2023-10-15,"19:25:06"
"MCC_107","F_11","S_1","Pass",40,450,4,8.8,3.2,0,"N/A","No","29.3","Yes","Yes","2023-10-21 15:26:08",2023-10-21,"15:26:07"
"MCC_107","F_11","S_6","Pass",38,450,4,9.1,3.3,0,"N/A","No","30.5","Yes","Yes","2023-10-19 14:34:58",2023-10-19,"14:34:58"
"MCC_107","F_11","S_2","Pass",34,350,4.3,8.9,3.5,0,"N/A","No","29","Yes","Yes","2023-10-15 19:33:45",2023-10-15,"19:23:26"
"MCC_107","F_11","S_5","Pass",29.7,450,4.4,9,3.3,0,"N/A","No","29.7","Yes","Yes","2023-10-18 12:12:17",2023-10-18,"12:12:16"
"MCC_107","F_11","S_3","Pass",34,350,4.3,8.9,3.5,0,"N/A","No","29","Yes","Yes","2023-10-15 19:33:45",2023-10-15,"19:23:26"
"MCC_107","F_11","S_4","Pass",34,450,4.6,9.2,3.4,0,"N/A","No","30.3","Yes","Yes","2023-10-17 17:21:55",2023-10-17,"17:19:06"
"MCC_107","F_12","S_3","Pass",81,350,4.4,8.9,3.5,0,"N/A","No","29","Yes","Yes","2023-10-15 19:33:45",2023-10-15,"19:21:05"
"MCC_107","F_12","S_1","Pass",117,450,4.7,9.4,3.4,0,"N/A","No","30.6","Yes","Yes","2023-10-21 15:24:48",2023-10-21,"15:24:36"
"MCC_107","F_12","S_2","Pass",81,350,4.4,8.9,3.5,0,"N/A","No","29","Yes","Yes","2023-10-15 19:33:45",2023-10-15,"19:21:05"
"MCC_107","F_12","S_7","Pass",97,450,4,9.1,3.3,0,"N/A","No","30","Yes","Yes","2023-10-19 14:33:12",2023-10-19,"14:33:11"
"MCC_107","F_12","S_5","Pass",100,450,4.5,9.1,3.3,0,"N/A","No","30","Yes","Yes","2023-10-17 17:21:55",2023-10-17,"17:17:22"
"MCC_107","F_12","S_6","Pass",103,450,4.3,9.1,3.3,0,"N/A","No","29","Yes","Yes","2023-10-18 12:08:24",2023-10-18,"12:08:23"
"MCC_107","F_12","S_4","Pass",91,450,3.6,9.1,3.4,0,"N/A","No","30.9","Yes","Yes","2023-10-16 16:48:56",2023-10-16,"16:34:06"
"MCC_107","F_13","S_4","Pass",10,450,3.9,8.6,3.2,0,"N/A","No","28.9","Yes","Yes","2023-10-17 17:21:55",2023-10-17,"17:14:43"
"MCC_107","F_13","S_5","Pass",10,450,4,8.5,3.1,0,"N/A","No","28.1","Yes","Yes","2023-10-18 12:06:33",2023-10-18,"12:06:32"
"MCC_107","F_13","S_1","Pass",16,450,3.1,8.4,3.1,1,"N/A","No","27.9","Yes","Yes","2023-10-21 15:42:04",2023-10-21,"15:42:00"
"MCC_107","F_13","S_2","Pass",8,350,3.3,9,3.3,0,"N/A","No","29","Yes","Yes","2023-10-15 19:33:45",2023-10-15,"19:16:24"
"MCC_107","F_13","S_3","Pass",8,350,3.3,9,3.3,0,"N/A","No","29","Yes","Yes","2023-10-15 19:33:45",2023-10-15,"19:16:24"
"MCC_107","F_14","S_6","Pass",75,450,4.2,9.2,3.4,0,"N/A","No","30","Yes","Yes","2023-10-18 12:04:10",2023-10-18,"12:04:09"
"MCC_107","F_14","S_4","Pass",84,450,4,8.9,3.3,0,"N/A","No","29","Yes","Yes","2023-10-16 16:29:19",2023-10-16,"14:19:04"
"MCC_107","F_14","S_1","Pass",84,450,4.7,9.2,3.2,0,"N/A","No","30.2","Yes","Yes","2023-10-21 15:18:48",2023-10-21,"15:17:29"
"MCC_107","F_14","S_3","Pass",20,350,4.4,8.9,3.3,0,"N/A","No","28.6","Yes","Yes","2023-10-15 19:33:45",2023-10-15,"19:14:15"
"MCC_107","F_14","S_7","Pass",77,450,4.2,9.1,3.3,0,"N/A","No","30.3","Yes","Yes","2023-10-19 14:28:51",2023-10-19,"14:28:42"
"MCC_107","F_14","S_2","Pass",20,350,4.4,8.9,3.3,0,"N/A","No","28.6","Yes","Yes","2023-10-15 19:33:45",2023-10-15,"19:14:15"
"MCC_107","F_14","S_5","Pass",83,450,4.4,8.8,3.2,0,"N/A","No","28.9","Yes","Yes","2023-10-17 17:21:55",2023-10-17,"17:13:21"
"MCC_107","F_15","S_2","Pass",32,350,4.8,8.3,3,0,"N/A","No","26.5","Yes","Yes","2023-10-15 19:33:45",2023-10-15,"19:12:20"
"MCC_107","F_15","S_7","Pass",41,450,4.7,8.7,4.7,0,"N/A","No","28","Yes","Yes","2023-10-19 14:24:56",2023-10-19,"14:24:47"
"MCC_107","F_15","S_1","Pass",50,450,4.5,8.8,3.2,0,"N/A","No","28.8","Yes","Yes","2023-10-21 15:15:28",2023-10-21,"15:15:22"
"MCC_107","F_15","S_4","Pass",31,450,4.9,8.7,3.2,0,"N/A","No","28.1","Yes","Yes","2023-10-16 16:29:19",2023-10-16,"14:16:48"
"MCC_107","F_15","S_5","Pass",32,450,4.6,9.1,3.3,0,"N/A","No","29.9","Yes","Yes","2023-10-17 17:21:55",2023-10-17,"17:10:54"
"MCC_107","F_15","S_3","Pass",32,350,4.8,8.3,3,0,"N/A","No","26.5","Yes","Yes","2023-10-15 19:33:45",2023-10-15,"19:12:20"
"MCC_107","F_15","S_6","Pass",34,450,5.4,8.8,3.2,0,"N/A","No","27.9","Yes","Yes","2023-10-18 11:49:19",2023-10-18,"11:49:18"
"MCC_107","F_16","S_5","Pass",50,450,3.9,8.9,3.3,0,"N/A","No","29.9","Yes","Yes","2023-10-17 17:21:55",2023-10-17,"17:07:43"
"MCC_107","F_16","S_6","Pass",50,450,4.4,9,3.3,0,"N/A","No","29","Yes","Yes","2023-10-18 11:30:18",2023-10-18,"11:30:17"
"MCC_107","F_16","S_4","Pass",48,450,3.5,9.2,3.4,0,"N/A","No","31.4","Yes","Yes","2023-10-16 16:29:19",2023-10-16,"14:13:54"
"MCC_107","F_16","S_7","Pass",50,450,3.9,8.5,3.1,0,"N/A","No","38.2","Yes","Yes","2023-10-19 14:22:28",2023-10-19,"14:22:19"
"MCC_107","F_16","S_2","Pass",50,350,3.3,9,3.3,0,"N/A","No","30.8","Yes","Yes","2023-10-15 19:33:45",2023-10-15,"18:34:46"
"MCC_107","F_16","S_1","Pass",152,450,3.5,9.4,3.4,0,"N/A","No","32.2","Yes","Yes","2023-10-21 15:09:36",2023-10-21,"15:09:27"
"MCC_107","F_16","S_3","Pass",50,350,3.3,9,3.3,0,"N/A","No","30.8","Yes","Yes","2023-10-15 19:33:45",2023-10-15,"18:34:46"
"MCC_42","F_1","S_3","Pass",6,400,3,9,3,0,"30","No","30","Yes","Yes","2023-10-18 09:44:25",2023-10-18,"09:44:24"
"MCC_42","F_1","S_2","Pass",10,400,4,8.9,4,0.1,"30","No","28","Yes","Yes","2023-10-17 08:12:08",2023-10-17,"08:12:07"
"MCC_42","F_1","S_1","Pass",17,400,3,9,2,0,"29","No","30","Yes","Yes","2023-10-20 10:09:48",2023-10-20,"10:09:47"
"MCC_42","F_2","S_2","Pass",17,400,3.9,9,3,0,"30","No","30","Yes","Yes","2023-10-18 09:47:12",2023-10-18,"09:47:12"
"MCC_42","F_2","S_1","Pass",50,400,4.3,9.3,3.4,0,"30.5","No","30.1","Yes","Yes","2023-10-16 11:35:31",2023-10-16,"11:35:30"
"MCC_42","F_3","S_2","Pass",17,400,3,7,2.9,0,"30","No","30","Yes","Yes","2023-10-18 09:48:03",2023-10-18,"09:48:02"
"MCC_42","F_3","S_1","Pass",42,400,3,9,3.2,0,"30","No","31","Yes","Yes","2023-10-17 08:10:42",2023-10-17,"08:10:41"
"MCC_11","F_1","S_2","Pass",40,500,3.85,8.5,NA,0,"29","No","29","Yes","Yes","2023-10-17 13:41:58",2023-10-17,"13:26:30"
"MCC_11","F_1","S_1","Pass",20,700,3.85,8.5,3.5,1,"N/A","No","28","Yes","Yes","2023-10-16 13:32:09",2023-10-16,"13:16:55"
"MCC_77","F_1","S_1","Pass",20,600,4.1,8,3.3,1,"N/A","No","29","Yes","Yes","2023-10-16 13:32:16",2023-10-16,"13:18:01"
"MCC_96","F_1","S_1","Pass",50,700,4.1,8.8,3.3,0,"N/A","No","28.8","Yes","Yes","2023-10-16 13:32:14",2023-10-16,"13:16:55"
"MCC_116","F_1","S_1","Pass",NA,NA,8.8,4,1,29,"N/A","Yes","29","Yes","Yes","2023-10-18 15:08:50",2023-10-18,"07:42:09"
"MCC_65","F_1","S_1","N/A",917,350,3.9,9,3.3,0,"27.63","No","29.5","Yes","Yes","2023-10-16 13:44:24",2023-10-16,"13:44:22"
"MCC_42","F_4","S_2","Pass",14,400,3.8,9,3.3,0,"29","No","30","Yes","Yes","2023-10-17 08:07:21",2023-10-17,"08:07:20"
"MCC_42","F_4","S_3","Pass",11,400,3,9,3,0,"30","No","30","Yes","Yes","2023-10-18 09:46:25",2023-10-18,"09:46:24"
"MCC_42","F_4","S_1","Pass",12,400,3.8,8,2,0,"30","No","30","Yes","Yes","2023-10-20 10:17:57",2023-10-20,"10:17:56"
"MCC_42","F_5","S_1","Pass",19,400,3.5,8,4,0,"30","No","30","Yes","Yes","2023-10-20 10:05:46",2023-10-20,"10:05:45"
"MCC_42","F_5","S_2","Pass",30,400,4.7,8.8,3.5,0,"29","No","30","Yes","Yes","2023-10-17 08:20:52",2023-10-17,"08:20:51"
"MCC_42","F_5","S_3","Pass",15,400,3,8,3,0,"28","No","30","Yes","Yes","2023-10-18 09:42:13",2023-10-18,"09:42:13"
"MCC_70","F_1","S_2","Pass",698,550,3.6,8.7,3.2,0,"28","No","28.7","Yes","Yes","2023-10-20 17:35:19",2023-10-20,"17:35:14"
"MCC_70","F_1","S_3","Pass",257,550,4.1,9.2,3.3,0,"28","No","29.4","Yes","Yes","2023-10-22 23:50:06",2023-10-22,"23:50:06"
"MCC_70","F_1","S_4","Pass",408,550,3.9,9,3.3,0,"29","No","29.9","Yes","Yes","2023-10-17 12:05:29",2023-10-17,"12:05:27"
"MCC_70","F_1","S_1","Pass",490,550,3.9,8.9,3.3,0,"28","No","28.7","Yes","Yes","2023-10-19 23:21:03",2023-10-19,"23:21:01"
"MCC_42","F_6","S_1","Pass",60,400,4,9.5,4.8,0,"30","No","30","Yes","Yes","2023-10-17 12:07:05",2023-10-17,"12:07:04"
"MCC_42","F_6","S_2","Pass",68,400,3.6,8,3,0,"28","No","30","Yes","Yes","2023-10-18 09:43:08",2023-10-18,"09:43:08"
"MCC_42","F_7","S_1","Pass",19,400,4,9,2,0,"30","No","29","Yes","Yes","2023-10-20 10:08:58",2023-10-20,"10:08:57"
"MCC_42","F_7","S_3","Pass",14,400,3,8,3,0,"30","No","28","Yes","Yes","2023-10-18 09:40:49",2023-10-18,"09:40:48"
"MCC_42","F_7","S_2","Pass",24,400,4,9.8,5,0,"30","No","30","Yes","Yes","2023-10-17 12:08:50",2023-10-17,"12:08:49"
"MCC_42","F_8","S_2","Pass",30,400,4,8.8,4.6,0,"30","No","30","Yes","Yes","2023-10-17 12:10:51",2023-10-17,"12:10:50"
"MCC_42","F_8","S_1","Pass",51,400,4,9,4,0,"30","No","28","Yes","Yes","2023-10-20 10:03:55",2023-10-20,"10:03:54"
"MCC_42","F_8","S_3","Pass",10,400,3,8,3,0,"27","No","30","Yes","Yes","2023-10-18 09:49:07",2023-10-18,"09:49:07"
"MCC_42","F_9","S_3","Pass",56,400,3,8,3,0,"30","No","30","Yes","Yes","2023-10-18 09:25:44",2023-10-18,"09:25:43"
"MCC_42","F_9","S_1","Pass",40,400,3,9,4,0,"29","No","30","Yes","Yes","2023-10-20 10:06:59",2023-10-20,"10:06:58"
"MCC_42","F_9","S_2","Pass",57,400,5,9.3,3,0,"29","No","30","Yes","Yes","2023-10-17 12:12:35",2023-10-17,"12:12:35"
"MCC_8","F_1","S_1","Pass",82,850,3.6,8.7,3.2,0,"29.6","No","29.6","Yes","Yes","2023-10-17 12:39:42",2023-10-17,"12:39:41"
"MCC_8","F_2","S_1","Pass",52,850,4.3,8.4,3,1,"27.8","No","27.8","Yes","Yes","2023-10-17 13:31:28",2023-10-17,"13:31:27"
"MCC_8","F_3","S_1","Pass",66,750,3.8,8.7,3.5,0,"27.6","No","27.6","Yes","Yes","2023-10-17 14:11:52",2023-10-17,"14:11:51"
"MCC_136","F_1","S_3","N/A",35,700,4.2,9.1,3.3,0,"N/A","No","29.8","No","Yes","2023-10-19 15:49:19",2023-10-18,"17:50:55"
"MCC_136","F_1","S_2","N/A",60,700,3.8,8.9,3.3,0,"N/A","No","29.4","No","Yes","2023-10-19 15:49:19",2023-10-19,"14:31:03"
"MCC_136","F_1","S_1","Pass",38,700,4.3,9,3.3,0,"N/A","No","29.3","Yes","Yes","2023-10-17 16:15:56",2023-10-17,"16:15:55"
"MCC_136","F_2","S_4","N/A",45,700,4.5,8.7,3.2,0,"N/A","No","27.9","No","Yes","2023-10-19 15:49:19",2023-10-18,"17:47:07"
"MCC_136","F_2","S_3","N/A",93,700,3.7,8.6,3.2,0,"N/A","No","28.3","No","Yes","2023-10-19 15:49:19",2023-10-19,"14:29:44"
"MCC_136","F_2","S_2","Pass",NA,NA,3.9,7.9,2.9,4,"N/A","Yes","25.3","Yes","Yes","2023-10-17 16:27:08",2023-10-17,"16:27:06"
"MCC_136","F_2","S_1","N/A",100,700,3.9,8.5,3.1,0,"N/A","No","27.7","No","Yes","2023-10-19 15:49:19",2023-10-18,"16:41:53"
"MCC_136","F_3","S_1","N/A",34,700,4.2,9.1,3.3,0,"N/A","No","29.8","No","Yes","2023-10-19 15:49:19",2023-10-18,"17:44:48"
"MCC_136","F_3","S_3","Pass",30.4,700,4.4,9.3,3.4,0,"30.4","No","30.4","Yes","Yes","2023-10-19 15:49:19",2023-10-17,"16:31:39"
"MCC_136","F_3","S_4","N/A",58,700,4.2,9.2,3.4,0,"N/A","No","30.2","No","Yes","2023-10-19 15:49:19",2023-10-19,"14:22:25"
"MCC_136","F_3","S_2","N/A",70,700,4.5,9.2,3.4,0,"N/A","No","29.9","No","Yes","2023-10-19 15:49:19",2023-10-18,"16:43:27"
"MCC_70","F_2","S_2","Pass",12,450,4,8.8,3.2,0,"28","No","29","Yes","Yes","2023-10-20 17:14:00",2023-10-20,"17:13:58"
"MCC_70","F_2","S_3","Pass",10,450,4.3,8.8,3.4,0,"29","No","30","Yes","Yes","2023-10-21 19:02:42",2023-10-21,"19:02:41"
"MCC_70","F_2","S_4","N/A",10,450,4.4,8.7,3.4,0,"N/A","No","29.5","No","Yes","2023-10-17 18:44:08",2023-10-17,"18:44:06"
"MCC_70","F_2","S_1","Pass",22,450,4.3,8.7,3.3,0,"28","No","29.2","Yes","Yes","2023-10-19 23:19:46",2023-10-19,"23:19:45"
"MCC_42","F_10","S_1","Pass",12,400,3.9,9,5,0,"30","No","30","Yes","Yes","2023-10-20 10:04:55",2023-10-20,"10:04:54"
"MCC_42","F_10","S_2","Pass",18,400,3.9,8.6,3,0,"30","No","29","Yes","Yes","2023-10-18 08:11:52",2023-10-18,"08:11:51"
"MCC_70","F_3","S_7","Pass",38,450,4.3,9.4,3.4,0,"28","No","29","Yes","Yes","2023-10-22 23:57:00",2023-10-22,"23:56:59"
"MCC_70","F_3","S_8","Pass",75,450,4.1,8.8,3.2,0,"28","No","28.9","Yes","Yes","2023-10-18 08:52:33",2023-10-18,"08:52:32"
"MCC_70","F_3","S_4","Pass",30,450,4.3,9.3,3.4,0,"28","No","28.8","Yes","Yes","2023-10-21 13:56:09",2023-10-21,"13:56:07"
"MCC_70","F_3","S_1","Pass",30,450,4.2,8.8,3.2,0,"28","No","28.8","Yes","Yes","2023-10-19 23:18:29",2023-10-19,"23:18:27"
"MCC_70","F_3","S_5","Pass",5,450,4.3,9.2,3.4,0,"28","No","29","Yes","Yes","2023-10-21 19:05:00",2023-10-21,"19:04:59"
"MCC_70","F_3","S_6","Pass",31,450,4.3,9.4,3.4,0,"28.5","No","29.6","Yes","Yes","2023-10-22 23:49:05",2023-10-22,"23:49:05"
"MCC_70","F_3","S_3","Pass",4,450,4.3,9.2,3.4,0,"29","No","30.1","Yes","Yes","2023-10-20 17:24:17",2023-10-20,"17:24:17"
"MCC_70","F_3","S_2","Pass",32,450,4.5,9.4,3.4,0,"28","No","29","Yes","Yes","2023-10-20 12:20:45",2023-10-20,"12:20:33"
"MCC_70","F_3","S_9","Pass",36,450,4,9.3,3.4,0,"29","No","30","Yes","Yes","2023-10-18 09:39:29",2023-10-18,"09:39:27"
"MCC_42","F_11","S_1","Pass",15,400,3,8,4,0,"30","No","30","Yes","Yes","2023-10-18 09:23:57",2023-10-18,"09:23:56"
"MCC_70","F_4","S_3","Pass",41,800,4.4,9.3,3.4,0,"28","No","28.8","Yes","Yes","2023-10-21 13:57:06",2023-10-21,"13:57:05"
"MCC_70","F_4","S_5","Pass",35,800,4,9.3,3.4,0,"29","No","30","Yes","Yes","2023-10-18 09:37:00",2023-10-18,"09:36:12"
"MCC_70","F_4","S_1","Pass",44,800,4,8.9,3.3,0,"28.5","No","29.4","Yes","Yes","2023-10-19 23:16:13",2023-10-19,"23:16:11"
"MCC_70","F_4","S_2","Pass",37,800,4.5,9.4,3.4,0,"28","No","29","Yes","Yes","2023-10-20 12:22:04",2023-10-20,"12:22:02"
"MCC_70","F_4","S_4","Pass",44,800,4.2,9.3,3.4,0,"29","No","29.7","Yes","Yes","2023-10-22 23:47:50",2023-10-22,"23:47:49"
"MCC_42","F_12","S_3","Pass",22,400,3,9,4,0,"28","No","30","Yes","Yes","2023-10-18 09:53:31",2023-10-18,"09:53:31"
"MCC_42","F_12","S_1","Pass",28,400,4,9,5,0,"29","No","30","Yes","Yes","2023-10-20 10:03:56",2023-10-20,"10:02:37"
"MCC_42","F_12","S_2","Pass",7,400,3,9,3,0,"30","No","30","Yes","Yes","2023-10-18 09:52:34",2023-10-18,"09:52:34"
"MCC_70","F_5","S_3","Pass",8,450,3.8,8.6,3.3,0,"28","No","28.7","Yes","Yes","2023-10-21 19:03:53",2023-10-21,"19:03:51"
"MCC_70","F_5","S_4","Pass",9,450,3.9,8.8,3.3,0,"28","No","29.4","Yes","Yes","2023-10-22 23:22:26",2023-10-22,"23:22:24"
"MCC_70","F_5","S_1","Pass",16,450,4.1,8.8,3.2,0,"28","No","28.5","Yes","Yes","2023-10-19 23:14:46",2023-10-19,"23:14:45"
"MCC_70","F_5","S_2","Pass",9,450,3.9,8.6,3.2,0,"28","No","29","Yes","Yes","2023-10-20 17:21:56",2023-10-20,"17:21:54"
"MCC_70","F_5","S_5","Pass",7,450,4.3,8.5,3.2,0,"4.2","No","28.9","Yes","Yes","2023-10-17 18:10:37",2023-10-17,"18:04:56"
"MCC_70","F_6","S_2","Pass",20,450,4.2,8.6,3.3,0,"28.5","No","28.6","Yes","Yes","2023-10-17 18:10:37",2023-10-17,"17:41:13"
"MCC_70","F_6","S_3","Pass",22,450,4.2,8.6,3.2,0,"29","No","28.7","Yes","Yes","2023-10-18 11:18:23",2023-10-18,"11:18:22"
"MCC_70","F_6","S_1","Pass",15,450,3.9,9.2,3.4,0,"28","No","28.5","Yes","Yes","2023-10-20 17:28:59",2023-10-20,"17:28:59"
"MCC_70","F_7","S_2","Pass",26,450,4.4,9.2,3.3,0,"28","No","28.8","Yes","Yes","2023-10-20 17:40:19",2023-10-20,"17:40:03"
"MCC_70","F_7","S_6","Pass",25,450,3.8,8.6,3.2,0,"28","No","28.5","Yes","Yes","2023-10-18 11:16:11",2023-10-18,"11:16:08"
"MCC_70","F_7","S_4","Pass",25,450,4.3,9.2,3.4,0,"28.5","No","29","Yes","Yes","2023-10-22 23:46:21",2023-10-22,"23:46:21"
"MCC_70","F_7","S_1","Pass",22,450,4.1,9.3,3.4,0,"28.5","No","29.2","Yes","Yes","2023-10-19 23:08:30",2023-10-19,"23:08:29"
"MCC_70","F_7","S_5","Pass",25,450,4,8.5,3.2,0,"27.8","No","28.2","Yes","Yes","2023-10-17 18:10:37",2023-10-17,"17:37:26"
"MCC_70","F_7","S_3","Pass",22,450,4.2,9.3,3.4,0,"28","No","28.7","Yes","Yes","2023-10-21 13:58:03",2023-10-21,"13:58:02"
"MCC_70","F_8","S_4","Pass",750,550,4.3,8.8,3.2,1,"27.8","No","28.7","Yes","Yes","2023-10-17 11:46:56",2023-10-17,"10:19:38"
"MCC_70","F_8","S_5","Pass",1250,550,4.5,9.1,3.3,0,"27.8","No","28.6","Yes","Yes","2023-10-18 11:02:08",2023-10-18,"10:57:38"
"MCC_70","F_8","S_2","Pass",400,550,4.4,9.2,3.4,0,"27.8","No","28.8","Yes","Yes","2023-10-20 11:16:31",2023-10-20,"11:16:27"
"MCC_70","F_8","S_1","Pass",300,550,4.5,8.6,3.3,0,"27.8","No","28","Yes","Yes","2023-10-19 23:06:23",2023-10-19,"23:06:22"
"MCC_70","F_8","S_3","Pass",564,550,4.2,8.7,3.2,0,"27.8","No","28.2","Yes","Yes","2023-10-22 23:44:55",2023-10-22,"23:44:54"
"MCC_70","F_9","S_5","Pass",10.24,450,3.9,9.2,3.4,1,"28","No","30.7","Yes","Yes","2023-10-17 11:46:56",2023-10-17,"09:33:13"
"MCC_70","F_9","S_2","Pass",12.29,450,4.2,9.2,3.4,0,"29","No","30.4","Yes","Yes","2023-10-20 17:38:20",2023-10-20,"17:38:17"
"MCC_70","F_9","S_4","Pass",12.27,450,4,9.4,3.4,0,"28","No","29.2","Yes","Yes","2023-10-22 23:43:27",2023-10-22,"23:43:27"
"MCC_70","F_9","S_6","Pass",10.31,450,3.7,9.2,3.4,0,"29","No","30.6","Yes","Yes","2023-10-18 09:45:24",2023-10-18,"09:45:23"
"MCC_70","F_9","S_3","Pass",11.31,450,4.3,9.2,3.3,0,"28","No","28.5","Yes","Yes","2023-10-21 13:54:32",2023-10-21,"13:54:31"
"MCC_70","F_9","S_1","Pass",9.26,450,3.9,9.2,3.4,0,"28","No","30.7","Yes","Yes","2023-10-19 23:04:09",2023-10-19,"23:04:08"
"MCC_70","F_10","S_5","Pass",229,650,4.5,9.4,3.4,0,"28.8","No","30.8","Yes","Yes","2023-10-21 13:52:00",2023-10-21,"13:51:59"
"MCC_70","F_10","S_8","Pass",361,650,4.3,9.3,3.4,1,"29","No","30.7","Yes","Yes","2023-10-17 11:46:56",2023-10-17,"09:28:59"
"MCC_70","F_10","S_6","Pass",120,650,4.4,9.2,3.4,0,"28.5","No","29","Yes","Yes","2023-10-21 19:01:08",2023-10-21,"19:01:07"
"MCC_70","F_10","S_7","Pass",364,650,4.4,9.5,3.5,0,"29.5","No","30.1","Yes","Yes","2023-10-22 23:41:53",2023-10-22,"23:41:52"
"MCC_70","F_10","S_3","Pass",236,650,4.2,9.2,3.5,0,"28","No","30.4","Yes","Yes","2023-10-20 11:06:03",2023-10-20,"11:06:01"
"MCC_70","F_10","S_1","Pass",110,650,4.2,9.4,3.5,0,"29","No","30.1","Yes","Yes","2023-10-19 23:02:26",2023-10-19,"23:02:20"
"MCC_70","F_10","S_2","Pass",128,650,4.3,9.5,3.5,0,"28.7","No","30.6","Yes","Yes","2023-10-19 23:02:27",2023-10-19,"12:28:08"
"MCC_70","F_10","S_9","Pass",315,650,4.6,9.4,3.4,0,"29","No","30.8","Yes","Yes","2023-10-18 08:44:43",2023-10-18,"08:44:27"
"MCC_70","F_10","S_4","Pass",121,650,4.4,9.3,3.4,0,"28.8","No","29","Yes","Yes","2023-10-20 17:27:30",2023-10-20,"17:27:23"
"MCC_70","F_11","S_5","Pass",NA,NA,4.3,9.4,3.4,0,"29","No","29.5","Yes","Yes","2023-10-22 23:37:36",2023-10-22,"23:37:35"
"MCC_70","F_11","S_3","Pass",6.52,450,4.3,9.4,3.4,0,"28.9","No","30.1","Yes","Yes","2023-10-21 13:50:21",2023-10-21,"13:50:19"
"MCC_70","F_11","S_6","Pass",6.22,450,4.3,9.4,3.4,0,"29","No","29.5","Yes","Yes","2023-10-22 23:40:16",2023-10-22,"23:40:15"
"MCC_70","F_11","S_7","Pass",6.31,450,4.4,9.3,3.4,1,"28.5","No","30.6","Yes","Yes","2023-10-17 11:46:56",2023-10-17,"09:21:29"
"MCC_70","F_11","S_4","Pass",6.25,450,4.3,9.4,3.4,0,"28.5","No","29.4","Yes","Yes","2023-10-21 14:06:57",2023-10-21,"14:06:56"
"MCC_70","F_11","S_2","Pass",5.14,450,4.4,9.3,3.2,0,"28","No","29.6","Yes","Yes","2023-10-20 11:03:44",2023-10-20,"11:03:41"
"MCC_70","F_11","S_1","Pass",7.14,450,4.3,9.3,3.4,0,"29","No","30.2","Yes","Yes","2023-10-19 23:02:27",2023-10-19,"12:25:47"
"MCC_70","F_11","S_8","Pass",7.24,450,4.4,9.4,3.4,0,"29","No","31","Yes","Yes","2023-10-18 08:42:39",2023-10-18,"08:42:36"
"MCC_70","F_12","S_5","Pass",2.24,450,4.4,9.2,3.4,1,"29","No","30.2","Yes","Yes","2023-10-17 11:46:56",2023-10-17,"08:50:37"
"MCC_70","F_12","S_4","Pass",4.12,450,4.2,9.1,3.3,0,"28","No","29","Yes","Yes","2023-10-22 23:36:34",2023-10-22,"23:36:33"
"MCC_70","F_12","S_3","Pass",4.2,450,3.9,9,3.3,0,"28","No","28.7","Yes","Yes","2023-10-21 13:53:04",2023-10-21,"13:53:03"
"MCC_70","F_12","S_1","Pass",4.22,450,4.1,9,3.3,0,"28","No","28.9","Yes","Yes","2023-10-19 23:02:27",2023-10-19,"12:23:57"
"MCC_70","F_12","S_6","Pass",4.15,450,4.2,9.1,3.3,0,"28.5","No","30","Yes","Yes","2023-10-18 08:28:52",2023-10-18,"08:28:50"
"MCC_70","F_12","S_2","Pass",4.1,450,3.9,8.8,3.2,0,"27.8","No","28.4","Yes","Yes","2023-10-20 11:00:05",2023-10-20,"11:00:05"
"MCC_107","F_17","S_4","Pass",80,450,3.3,8.6,3.2,0,"N/A","No","29.2","Yes","Yes","2023-10-19 14:20:04",2023-10-19,"14:19:51"
"MCC_107","F_17","S_2","Pass",80,450,3.5,9,3.2,0,"N/A","No","30.7","Yes","Yes","2023-10-18 11:27:44",2023-10-17,"17:50:59"
"MCC_107","F_17","S_1","Pass",86,450,4.2,9,3.3,0,"N/A","No","29.9","Yes","Yes","2023-10-21 15:03:01",2023-10-21,"15:02:57"
"MCC_107","F_17","S_3","Pass",80,450,4.5,9,3.3,0,"N/A","No","29.6","Yes","Yes","2023-10-18 11:47:18",2023-10-18,"11:47:17"
"MCC_107","F_18","S_5","Pass",10,450,4.2,9,3.2,0,"N/A","No","29.9","Yes","Yes","2023-10-17 17:38:44",2023-10-17,"17:38:04"
"MCC_107","F_18","S_3","Pass",30.7,450,3.4,9.2,2.9,0,"N/A","No","30.9","Yes","Yes","2023-10-16 16:52:06",2023-10-16,"16:51:22"
"MCC_107","F_18","S_4","Pass",10,450,4,9,3.3,0,"N/A","No","29.8","Yes","Yes","2023-10-16 16:59:08",2023-10-16,"16:59:05"
"MCC_107","F_18","S_7","Pass",10,450,4.4,9.3,3.4,0,"N/A","No","30.9","Yes","Yes","2023-10-19 14:14:28",2023-10-19,"14:14:13"
"MCC_107","F_18","S_2","Pass",30.7,450,3.4,9.2,2.9,0,"N/A","No","30.9","Yes","Yes","2023-10-16 16:52:05",2023-10-16,"16:51:22"
"MCC_107","F_18","S_1","Pass",10,450,4.1,8.7,3.2,0,"N/A","No","28.8","Yes","Yes","2023-10-21 15:01:10",2023-10-21,"15:01:00"
"MCC_107","F_18","S_6","Pass",10,450,4.3,9.2,3.4,0,"N/A","No","30.6","Yes","Yes","2023-10-18 11:45:43",2023-10-18,"11:45:42"
"MCC_107","F_19","S_1","Pass",20,450,4.8,8.6,3.2,0,"N/A","No","27.7","Yes","Yes","2023-10-20 17:26:48",2023-10-20,"17:26:41"
"MCC_107","F_19","S_3","Pass",20,450,4.1,9,3,0,"N/A","No","30","Yes","Yes","2023-10-16 16:48:56",2023-10-16,"16:48:49"
"MCC_107","F_19","S_2","Pass",20,450,4,9,3.3,0,"N/A","No","30.1","Yes","Yes","2023-10-21 14:55:45",2023-10-21,"14:55:37"
"MCC_107","F_19","S_4","Pass",NA,NA,4,9.2,3.4,0,"N/A","No","30.7","Yes","Yes","2023-10-18 11:40:24",2023-10-18,"11:40:23"
"MCC_107","F_19","S_5","Pass",20,450,3.7,8.6,3.2,0,"N/A","No","28.8","Yes","Yes","2023-10-19 14:15:53",2023-10-19,"14:15:51"
"MCC_473","F_1","S_1","N/A",13,800,4.1,9.1,3.3,0,"29.9","No","30","Yes","Yes","2023-10-18 11:45:57",2023-10-18,"11:42:45"
"MCC_473","F_2","S_1","N/A",54,800,4.5,8.3,3,0,"26.3","No","26.3","Yes","Yes","2023-10-17 15:39:24",2023-10-17,"15:33:14"
"MCC_473","F_2","S_2","N/A",183,800,4.1,8.6,3.2,0,"27.9","No","30","Yes","Yes","2023-10-18 11:45:57",2023-10-18,"11:36:03"
"MCC_473","F_3","S_1","N/A",53,800,4.1,8.8,3.2,0,"28.7","No","30","Yes","Yes","2023-10-20 11:56:34",2023-10-20,"11:45:34"
"MCC_473","F_3","S_3","N/A",55,800,3.9,8.8,3.2,0,"30","No","30","Yes","Yes","2023-10-18 11:45:57",2023-10-18,"11:32:21"
"MCC_473","F_3","S_2","N/A",55,800,4.5,9.1,3.3,0,"30","No","29.5","Yes","Yes","2023-10-17 15:39:24",2023-10-17,"15:10:17"
"MCC_473","F_4","S_2","N/A",65,800,4.4,9,3.3,0,"30","No","29.2","Yes","Yes","2023-10-17 15:39:24",2023-10-17,"15:01:49"
"MCC_473","F_4","S_1","N/A",53,800,4.4,8.9,3.3,0,"28.8","No","30","Yes","Yes","2023-10-22 18:26:55",2023-10-21,"12:52:34"
"MCC_473","F_4","S_3","N/A",50,800,4.5,9.1,3.3,0,"30","No","30","Yes","Yes","2023-10-18 11:45:57",2023-10-18,"11:29:31"
"MCC_473","F_5","S_1","N/A",24,800,4.8,8.7,3.2,0,"27.6","No","30","Yes","Yes","2023-10-18 12:14:23",2023-10-18,"12:12:47"
"MCC_473","F_5","S_2","N/A",24,800,4.8,8.7,3.2,0,"27.6","No","30","Yes","Yes","2023-10-18 12:14:41",2023-10-18,"12:12:47"
"MCC_628","F_1","S_1","Pass",54,508,4.5,9,3.3,0,"29.2","No","N/A","Yes","Yes","2023-10-20 18:49:28",2023-10-20,"18:49:26"
"MCC_628","F_1","S_3","Pass",47,500,4.1,8.8,3.5,0,"29.4","No","29","Yes","Yes","2023-10-19 15:20:04",2023-10-19,"15:20:02"
"MCC_628","F_1","S_2","Pass",50,500,4.1,8.4,3.1,0,"27.2","No","27.2","Yes","Yes","2023-10-21 10:56:36",2023-10-21,"10:56:34"
"MCC_628","F_2","S_2","Pass",50,500,4.1,9.2,3.4,0,"27.5","No","30.4","Yes","Yes","2023-10-18 12:35:48",2023-10-18,"12:35:34"
"MCC_628","F_2","S_3","Pass",50,500,4.8,8.8,3.2,0,"29","No","29","Yes","Yes","2023-10-19 13:36:11",2023-10-19,"13:36:07"
"MCC_628","F_2","S_1","Pass",50,500,4.7,8.8,3.2,0,"28.2","No","28.2","Yes","Yes","2023-10-21 08:33:26",2023-10-21,"08:33:20"
"MCC_628","F_3","S_2","Pass",37,500,3.7,8.6,3.3,0,"28","No","28","Yes","Yes","2023-10-20 18:47:10",2023-10-20,"18:44:17"
"MCC_628","F_3","S_3","Pass",37,500,3.8,8.6,3.2,0,"28.3","No","28.3","Yes","Yes","2023-10-21 09:41:24",2023-10-21,"09:41:21"
"MCC_628","F_3","S_1","Pass",37,500,4,8.6,3.3,0,"29.3","No","29.3","Yes","Yes","2023-10-20 18:23:22",2023-10-20,"18:22:39"
"MCC_628","F_3","S_4","Pass",38,500,4.2,9,3.3,0,"29.5","No","29.5","Yes","Yes","2023-10-19 14:20:04",2023-10-19,"14:20:01"
"MCC_628","F_4","S_2","Pass",35,500,4.1,9,3.3,0,"29.6","No","29.6","Yes","Yes","2023-10-21 10:23:32",2023-10-21,"10:23:30"
"MCC_628","F_4","S_1","Pass",40,500,3.8,8.9,3.3,0,"29.5","No","29.5","Yes","Yes","2023-10-20 10:55:55",2023-10-20,"10:55:53"
"MCC_628","F_5","S_1","Pass",54,550,4.7,8.8,3.2,0,"28.2","No","28.2","Yes","Yes","2023-10-20 09:40:56",2023-10-20,"09:40:55"
"MCC_628","F_5","S_2","Pass",57,550,4.2,9,3.3,0,"29.5","No","29.5","Yes","Yes","2023-10-21 08:28:34",2023-10-21,"08:28:20"
"MCC_628","F_5","S_3","Pass",55,550,4.4,8.8,3.2,0,"28.5","No","28","Yes","Yes","2023-10-19 08:55:46",2023-10-19,"08:55:42"
"MCC_628","F_6","S_2","Pass",78,500,3.8,8.7,3.2,0,"28.7","No","28.7","Yes","Yes","2023-10-20 19:24:54",2023-10-20,"19:24:51"
"MCC_628","F_6","S_1","Pass",81,500,3.7,9.2,3,0,"26.8","No","26","Yes","Yes","2023-10-19 16:20:06",2023-10-19,"16:20:02"
"MCC_628","F_6","S_3","Pass",76,500,4.7,9.3,3.1,0,"29.7","No","29.7","Yes","Yes","2023-10-21 15:46:32",2023-10-21,"15:46:27"
"MCC_628","F_7","S_1","Pass",34,550,4,9.1,3.3,0,"29.5","No","29.5","Yes","Yes","2023-10-20 10:36:43",2023-10-20,"10:36:41"
"MCC_628","F_7","S_2","Pass",31,550,4.4,8.9,3.3,0,"28.9","No","28.9","Yes","Yes","2023-10-21 11:07:16",2023-10-21,"11:07:13"
"MCC_628","F_8","S_2","Pass",63,550,3.4,9.3,3.4,0,"30.2","No","31.5","Yes","Yes","2023-10-21 09:11:59",2023-10-21,"09:11:54"
"MCC_628","F_8","S_3","Pass",69,550,4.6,9.1,3.3,0,"29.5","No","30.1","Yes","Yes","2023-10-19 09:06:33",2023-10-19,"09:06:32"
"MCC_628","F_8","S_1","Pass",62,550,4.7,9.6,3.5,0,"31.4","No","31.4","Yes","Yes","2023-10-20 10:49:50",2023-10-20,"10:49:43"
"MCC_628","F_9","S_1","Pass",33,500,3.7,9.1,3.3,0,"31","No","31","Yes","Yes","2023-10-20 11:19:08",2023-10-20,"11:19:07"
"MCC_628","F_9","S_2","Pass",30,500,3.3,9,3.3,0,"30.4","No","30.4","Yes","Yes","2023-10-21 10:11:32",2023-10-21,"10:11:31"
"MCC_628","F_9","S_3","Pass",35,500,4.4,9.1,3.2,0,"30","No","30","Yes","Yes","2023-10-19 15:15:59",2023-10-19,"15:15:45"
"MCC_628","F_10","S_1","Pass",10,500,4.4,8.9,3.3,0,"28.9","No","28.9","Yes","Yes","2023-10-21 10:27:30",2023-10-21,"10:27:27"
"MCC_628","F_11","S_2","Pass",9,550,4,8.9,3.3,0,"29.3","No","29.3","Yes","Yes","2023-10-21 10:08:49",2023-10-21,"10:08:47"
"MCC_628","F_11","S_1","Pass",10,500,3.6,8.8,3.3,0,"29","No","29","Yes","Yes","2023-10-20 11:27:22",2023-10-20,"11:27:17"
"MCC_628","F_12","S_1","Pass",59,500,4.1,9.1,3.3,0,"29.5","No","29","Yes","Yes","2023-10-19 17:34:17",2023-10-19,"17:34:00"
"MCC_628","F_12","S_2","Pass",52,500,4.8,8.6,3.2,0,"27.3","No","27.3","Yes","Yes","2023-10-20 19:10:29",2023-10-20,"19:10:27"
"MCC_628","F_13","S_2","Pass",47,508,4.8,9,3.3,0,"28.9","No","28.9","Yes","Yes","2023-10-21 10:25:14",2023-10-21,"10:25:08"
"MCC_628","F_13","S_1","Pass",50,500,4.5,9,3.3,0,"29.2","No","29.2","Yes","Yes","2023-10-20 10:52:57",2023-10-20,"10:52:32"
"MCC_628","F_14","S_2","Pass",22,500,4,8.8,3.3,0,"28.2","No","28.2","Yes","Yes","2023-10-21 10:31:48",2023-10-21,"10:31:25"
"MCC_628","F_14","S_1","Pass",23,500,3.7,8.3,3,2,"27.2","No","27.2","Yes","Yes","2023-10-20 11:21:38",2023-10-20,"11:21:37"
"MCC_628","F_14","S_3","Pass",22,500,4,8.9,3.3,0,"29","No","29","Yes","Yes","2023-10-19 15:04:10",2023-10-19,"15:04:04"
"MCC_628","F_15","S_3","Pass",37,500,4.1,8.3,3,1,"26.8","No","26.8","Yes","Yes","2023-10-19 14:23:26",2023-10-19,"14:22:54"
"MCC_628","F_15","S_1","Pass",37,500,4,9.2,3.4,0,"32.5","No","30.4","Yes","Yes","2023-10-20 11:51:15",2023-10-20,"11:51:13"
"MCC_628","F_15","S_2","Pass",37,500,5,9.1,3.3,0,"29.1","No","29.1","Yes","Yes","2023-10-21 12:28:35",2023-10-21,"12:28:27"
"MCC_96","F_2","S_2","Pass",29,450,4.2,8.7,3.7,0,"28","No","29.5","Yes","Yes","2023-10-18 14:51:30",2023-10-18,"14:51:27"
"MCC_96","F_2","S_1","Pass",50,450,3.7,8.7,3.3,0,"28","No","29","Yes","Yes","2023-10-20 14:05:41",2023-10-19,"16:16:15"
"MCC_628","F_16","S_2","Pass",40,500,3.7,8.6,3.2,0,"28","No","28","Yes","Yes","2023-10-20 19:15:45",2023-10-20,"19:15:43"
"MCC_628","F_16","S_3","Pass",40,500,4.8,8.6,3.2,0,"28.7","No","28.7","Yes","Yes","2023-10-20 19:22:43",2023-10-20,"19:22:41"
"MCC_628","F_16","S_4","Pass",29,500,4,9,3.3,0,"29.7","No","29.7","Yes","Yes","2023-10-21 10:58:17",2023-10-21,"10:58:16"
"MCC_628","F_16","S_1","Pass",40,500,3.6,8.6,3.3,0,"30.5","No","30.5","Yes","Yes","2023-10-19 16:13:15",2023-10-19,"16:13:13"
"MCC_116","F_2","S_1","Pass",NA,NA,3.8,9,1,0,"N/A","Yes","29","Yes","Yes","2023-10-18 15:08:50",2023-10-18,"09:51:52"
"MCC_116","F_2","S_2","Pass",NA,NA,3.9,9,1,0,"N/A","Yes","28","Yes","Yes","2023-10-18 15:08:50",2023-10-18,"09:50:33"
"MCC_116","F_2","S_4","Pass",NA,NA,3.7,8.3,1.4,0,"N/A","Yes","29","Yes","Yes","2023-10-18 15:08:50",2023-10-18,"09:48:13"
"MCC_116","F_2","S_5","Pass",NA,NA,1,8.8,1,0,"N/A","Yes","29","Yes","Yes","2023-10-18 15:08:50",2023-10-18,"07:48:49"
"MCC_116","F_2","S_3","Pass",NA,NA,3.8,8,1,0,"N/A","Yes","28","Yes","Yes","2023-10-18 15:08:50",2023-10-18,"09:49:31"
"MCC_116","F_3","S_2","Pass",NA,NA,3.6,3.9,1,0,"N/A","Yes","28","Yes","Yes","2023-10-18 15:08:50",2023-10-18,"11:02:41"
"MCC_116","F_3","S_1","Pass",NA,NA,3.6,8.8,1,0,"N/A","Yes","29","Yes","Yes","2023-10-16 13:31:24",2023-10-16,"09:57:51"
"MCC_116","F_3","S_3","Pass",NA,NA,8.8,9,1,0,"N/A","Yes","29","Yes","Yes","2023-10-18 15:08:50",2023-10-18,"07:43:42"
"MCC_473","F_6","S_1","N/A",30,800,3.8,8.4,3.1,0,"27.4","No","30","Yes","Yes","2023-10-18 17:14:32",2023-10-18,"17:13:16"
"MCC_49","F_3","S_1","N/A",85,400,3.5,8.9,3.6,0,"N/A","No","27.6","Yes","Yes","2023-10-18 20:33:59",2023-10-18,"20:33:58"
"MCC_49","F_4","S_1","N/A",95,400,3.3,8.9,3.4,0,"N/A","No","29","Yes","Yes","2023-10-18 20:32:36",2023-10-18,"20:32:32"
"MCC_49","F_5","S_1","N/A",90,400,3.3,8.7,3.1,0,"N/A","No","27.6","Yes","Yes","2023-10-18 20:31:12",2023-10-18,"20:31:11"
"MCC_49","F_6","S_1","N/A",121,300,3.6,8.6,2.6,1.1,"N/A","No","26.8","Yes","Yes","2023-10-18 20:29:37",2023-10-18,"20:29:36"
"MCC_49","F_7","S_1","N/A",110,400,3.2,8.5,3.6,0,"N/A","No","27.6","Yes","Yes","2023-10-18 20:24:22",2023-10-18,"20:24:21"
"MCC_49","F_7","S_2","N/A",70,400,3.4,8.5,3.2,0,"N/A","No","26.9","Yes","Yes","2023-10-18 20:27:51",2023-10-18,"20:27:50"
"MCC_49","F_8","S_1","N/A",60,400,4,8.9,3.3,0,"N/A","No","29.8","Yes","Yes","2023-10-18 20:25:49",2023-10-18,"20:25:48"
"MCC_49","F_9","S_1","N/A",30,400,3.4,8.9,4,0,"N/A","No","27.8","Yes","Yes","2023-10-18 20:17:04",2023-10-18,"20:17:03"
"MCC_49","F_10","S_1","N/A",25,400,3.5,8.9,3,0,"N/A","No","27.9","Yes","Yes","2023-10-18 20:15:51",2023-10-18,"20:15:50"
"MCC_49","F_11","S_1","N/A",NA,NA,2.1,7.6,2.6,3.5,"N/A","Yes","23","Yes","Yes","2023-10-18 20:39:38",2023-10-18,"20:39:37"
"MCC_49","F_12","S_1","Pass",1503,300,3.4,8.7,3.2,1.3,"N/A","No","27.5","Yes","Yes","2023-10-18 22:03:01",2023-10-18,"22:03:00"
"MCC_49","F_13","S_1","Pass",1118,300,3.4,8.7,3.1,1.2,"N/A","No","27.9","Yes","Yes","2023-10-18 22:08:34",2023-10-18,"22:08:33"
"MCC_34","F_1","S_1","Pass",NA,NA,NA,NA,NA,NA,"N/A","No","N/A","Yes","Yes","2023-10-18 22:13:07",2023-10-18,"22:12:40"
"MCC_34","F_1","S_2","Pass",172,450,4,8.2,3,0,"N/A","No","26","Yes","Yes","2023-10-18 22:16:23",2023-10-18,"22:16:16"
"MCC_49","F_14","S_1","Pass",700,300,3.3,8.8,3.6,0,"N/A","No","28","Yes","Yes","2023-10-18 22:13:36",2023-10-18,"22:13:34"
"MCC_49","F_15","S_1","Pass",700,300,3.3,8.7,2.9,1.9,"N/A","No","27.7","Yes","Yes","2023-10-18 22:17:23",2023-10-18,"22:17:21"
"MCC_49","F_16","S_1","Pass",150,300,3.5,8.9,3.4,0,"N/A","No","28.9","Yes","Yes","2023-10-18 22:23:06",2023-10-18,"22:23:05"
"MCC_34","F_2","S_1","Pass",12,450,3.8,8.1,2.9,0,"27","No","25.1","Yes","Yes","2023-10-18 22:23:57",2023-10-18,"22:23:55"
"MCC_34","F_3","S_1","Pass",154,450,3.6,7.2,2.8,2.1,"25","No","25","Yes","Yes","2023-10-18 22:27:24",2023-10-18,"22:27:22"
"MCC_34","F_3","S_2","Pass",193,450,4.3,8.3,3,1,"26","No","26.3","Yes","Yes","2023-10-19 10:29:47",2023-10-19,"10:29:21"
"MCC_49","F_17","S_1","Pass",210,300,3.5,8.9,3.3,0,"N/A","No","29.8","Yes","Yes","2023-10-18 22:28:12",2023-10-18,"22:28:10"
"MCC_49","F_18","S_1","Pass",20,300,3.6,8.9,3.4,0,"N/A","No","28","Yes","Yes","2023-10-18 22:31:39",2023-10-18,"22:31:38"
"MCC_34","F_4","S_1","Pass",200,450,3.7,8,2.9,1,"26","No","26","Yes","Yes","2023-10-18 22:33:28",2023-10-18,"22:33:25"
"MCC_49","F_19","S_1","Pass",89,300,3.2,8.6,3.3,3.3,"N/A","No","28","Yes","Yes","2023-10-18 22:36:11",2023-10-18,"22:36:10"
"MCC_34","F_5","S_1","Pass",75,450,3.8,7.9,3,1,"N/A","No","25","Yes","Yes","2023-10-18 22:35:52",2023-10-18,"22:35:45"
"MCC_34","F_6","S_1","Pass",182,450,4,8.1,3.2,0,"25","No","25","Yes","Yes","2023-10-18 22:40:33",2023-10-18,"22:40:27"
"MCC_34","F_7","S_1","Pass",31,450,3.6,7.9,3,0,"26","No","25","Yes","Yes","2023-10-19 07:35:58",2023-10-19,"07:35:52"
"MCC_628","F_17","S_3","Pass",30,500,2.8,9.2,3.4,0,"31.7","No","31","Yes","Yes","2023-10-19 14:25:32",2023-10-19,"14:25:31"
"MCC_628","F_17","S_1","Pass",30,500,3.9,9.1,3.3,0,"31.2","No","31.2","Yes","Yes","2023-10-20 11:15:09",2023-10-20,"11:15:07"
"MCC_628","F_17","S_2","Pass",27,500,3.3,9.1,3.3,0,"30.4","No","30.4","Yes","Yes","2023-10-21 10:13:22",2023-10-21,"10:13:18"
"MCC_34","F_8","S_1","Pass",91,450,3.8,7.8,3.1,2,"24","No","24","Yes","Yes","2023-10-19 07:40:16",2023-10-19,"07:40:05"
"MCC_628","F_18","S_3","Pass",25,550,4,9.3,3.4,0,"30.9","No","30","Yes","Yes","2023-10-19 08:59:20",2023-10-19,"08:59:20"
"MCC_628","F_18","S_1","Pass",20,558,4.2,9.4,3.4,0,"31.1","No","31.1","Yes","Yes","2023-10-20 10:39:43",2023-10-20,"10:39:39"
"MCC_628","F_18","S_2","Pass",25,550,5.8,8.4,3.1,0,"25.5","No","25.5","Yes","Yes","2023-10-21 11:01:19",2023-10-21,"11:01:07"
"MCC_628","F_19","S_3","Pass",169,550,4.2,9,3.3,0,"29.6","No","29.6","Yes","Yes","2023-10-19 15:39:18",2023-10-19,"15:38:10"
"MCC_628","F_19","S_2","Pass",171,550,4.5,9,3.3,0,"29.2","No","29.2","Yes","Yes","2023-10-21 11:04:06",2023-10-21,"11:04:03"
"MCC_628","F_19","S_1","Pass",175,550,9.9,8.5,3,0,"28","No","28","Yes","Yes","2023-10-20 19:41:17",2023-10-20,"19:41:15"
"MCC_628","F_20","S_2","Pass",34,550,4.2,4.4,4.4,0,"30","No","30","Yes","Yes","2023-10-19 15:34:20",2023-10-19,"15:30:22"
"MCC_628","F_20","S_1","Pass",44,550,4.5,9.1,3.3,0,"29.6","No","29.6","Yes","Yes","2023-10-21 12:25:54",2023-10-21,"12:25:47"
"MCC_628","F_21","S_2","Pass",345,550,3.7,8.6,3.2,0,"28.4","No","28.4","Yes","Yes","2023-10-20 19:02:03",2023-10-20,"19:02:01"
"MCC_628","F_21","S_1","Pass",467,550,4,8.8,3.3,0,"30","No","30","Yes","Yes","2023-10-19 17:37:21",2023-10-19,"17:37:18"
"MCC_628","F_22","S_1","Pass",87,500,4.2,9.2,3.4,0,"30.3","No","30.3","Yes","Yes","2023-10-19 16:24:04",2023-10-19,"16:23:49"
"MCC_628","F_22","S_2","Pass",50,550,4.1,8.7,3.2,0,"28.4","No","28.4","Yes","Yes","2023-10-20 19:28:14",2023-10-20,"19:28:12"
"MCC_628","F_22","S_3","Pass",49,550,3.4,8.4,3.3,0,"28.3","No","28.3","Yes","Yes","2023-10-21 15:42:45",2023-10-21,"15:42:44"
"MCC_42","F_13","S_2","Pass",20,400,2.6,9,3.3,0,"30","No","30","Yes","Yes","2023-10-19 08:12:05",2023-10-19,"08:12:05"
"MCC_42","F_13","S_1","Pass",28,400,3,9,4,0,"30","No","30","Yes","Yes","2023-10-20 10:03:56",2023-10-20,"10:01:12"
"MCC_42","F_14","S_2","Pass",300,400,4.6,9,4.8,0,"35","No","34","Yes","Yes","2023-10-22 09:54:50",2023-10-22,"09:54:49"
"MCC_42","F_14","S_1","Pass",238,400,4.2,9,5,0,"35","No","35","Yes","Yes","2023-10-20 10:24:40",2023-10-20,"10:24:39"
"MCC_628","F_23","S_3","Pass",39,550,4.2,9,3.3,0,"29.5","No","29.5","Yes","Yes","2023-10-19 15:33:53",2023-10-19,"15:33:35"
"MCC_628","F_23","S_1","Pass",40,550,4.5,8.7,3.2,0,"28","No","28","Yes","Yes","2023-10-20 18:53:56",2023-10-20,"18:53:54"
"MCC_628","F_23","S_2","Pass",34,550,4.6,8.5,3.1,0,"27.1","No","27.1","Yes","Yes","2023-10-21 12:48:48",2023-10-21,"12:48:47"
"MCC_628","F_24","S_1","Pass",105,550,4.5,9,3.3,0,"30.1","No","30","Yes","Yes","2023-10-20 18:19:37",2023-10-20,"18:19:05"
"MCC_628","F_25","S_3","Pass",5,550,4.6,8.8,3.2,0,"28.3","No","30","Yes","Yes","2023-10-19 09:09:55",2023-10-19,"09:09:55"
"MCC_628","F_25","S_1","Pass",4,550,4,8.9,3.3,0,"29.3","No","29.3","Yes","Yes","2023-10-20 09:39:12",2023-10-20,"09:38:55"
"MCC_628","F_25","S_2","Pass",5,550,4,8.9,3.3,0,"29.3","No","29.3","Yes","Yes","2023-10-21 08:41:41",2023-10-21,"08:39:06"
"MCC_473","F_7","S_1","N/A",NA,NA,4.9,8.3,3.3,0,"29.2","Yes","30","Yes","Yes","2023-10-19 11:58:36",2023-10-19,"11:57:34"
"MCC_628","F_26","S_3","Pass",11,550,2.5,9.2,3.4,0,"32","No","32","Yes","Yes","2023-10-19 13:12:01",2023-10-19,"13:11:46"
"MCC_628","F_26","S_2","Pass",10,550,3.4,9.3,3.4,0,"31.5","No","31.5","Yes","Yes","2023-10-21 09:12:01",2023-10-21,"09:03:06"
"MCC_628","F_26","S_1","Pass",11,550,4.5,9.7,3.6,0,"32","No","32","Yes","Yes","2023-10-20 10:42:19",2023-10-20,"10:42:15"
"MCC_49","F_20","S_1","Pass",45,300,3.5,8.8,3.4,0,"N/A","No","28","Yes","Yes","2023-10-19 12:41:57",2023-10-19,"12:41:56"
"MCC_49","F_21","S_1","Pass",40,300,3.3,8.5,3.4,0,"N/A","No","27","Yes","Yes","2023-10-19 13:00:06",2023-10-19,"13:00:05"
"MCC_11","F_2","S_1","Pass",NA,NA,3.85,8.51,5.89,0,"28","No","28","Yes","Yes","2023-10-19 13:14:03",2023-10-19,"12:20:50"
"MCC_11","F_3","S_3","Pass",45,500,3.85,8.51,NA,1,"29","No","29","Yes","Yes","2023-10-17 13:41:58",2023-10-17,"13:41:55"
"MCC_11","F_3","S_2","Pass",19,500,4,8.5,NA,0,"28","No","28","Yes","Yes","2023-10-22 13:04:34",2023-10-22,"12:11:36"
"MCC_11","F_3","S_1","Pass",25,500,3.8,8.8,NA,0.1,"29","No","30","Yes","Yes","2023-10-22 13:04:34",2023-10-22,"12:16:43"
"MCC_628","F_27","S_2","Pass",9,550,2.8,9.2,3.4,0,"9","No","31.7","Yes","Yes","2023-10-19 13:30:37",2023-10-19,"13:21:21"
"MCC_628","F_27","S_1","Pass",9,550,2.8,9.2,3.4,0,"9","No","31.7","Yes","Yes","2023-10-19 13:30:33",2023-10-19,"13:21:21"
"MCC_231","F_1","S_2","Pass",50,450,4.5,8.9,3.2,0,"28","No","30","Yes","Yes","2023-10-19 14:18:38",2023-10-19,"14:04:29"
"MCC_231","F_1","S_1","Pass",50,450,4.2,8.7,3.8,0,"N/A","No","30","Yes","Yes","2023-10-19 14:18:38",2023-10-19,"14:08:36"
"MCC_297","F_1","S_1","Pass",306,450,3.95,9,3.4,0,"28.5","No","29","Yes","Yes","2023-10-19 14:18:39",2023-10-19,"14:07:43"
"MCC_297","F_1","S_2","Pass",45,450,4,9.2,3.2,0,"29","No","30","Yes","Yes","2023-10-19 14:18:39",2023-10-19,"14:04:27"
"MCC_363","F_1","S_1","Pass",100,350,4.2,8.5,3.2,0,"28","No","28","Yes","Yes","2023-10-19 14:22:54",2023-10-19,"14:09:11"
"MCC_628","F_28","S_2","Pass",50,508,4,8.8,3.3,0,"27.1","No","27.1","Yes","Yes","2023-10-21 13:12:07",2023-10-21,"13:12:04"
"MCC_628","F_28","S_1","Pass",50,500,3.4,8.3,3,0,"27","No","27","Yes","Yes","2023-10-20 19:34:20",2023-10-20,"19:34:18"
"MCC_628","F_28","S_4","Pass",50,500,4,8.3,3,1,"26.9","No","26.9","Yes","Yes","2023-10-19 15:48:41",2023-10-19,"15:48:26"
"MCC_628","F_28","S_3","Pass",50,500,4.1,8.8,3.3,0,"27.1","No","27.1","Yes","Yes","2023-10-21 13:14:04",2023-10-21,"13:14:03"
"MCC_136","F_4","S_2","N/A",63,700,3.5,8.8,3.2,0,"N/A","No","29.3","No","Yes","2023-10-19 15:49:19",2023-10-18,"18:10:12"
"MCC_136","F_4","S_1","N/A",26,700,4.3,9.1,3.3,0,"N/A","No","29.7","No","Yes","2023-10-19 15:49:19",2023-10-19,"15:30:32"
"MCC_136","F_5","S_1","N/A",8,700,3.8,9.2,3.4,0,"N/A","No","30.6","No","Yes","2023-10-19 15:49:19",2023-10-19,"14:44:45"
"MCC_136","F_5","S_2","N/A",7,700,3.5,9.3,3.4,0,"N/A","No","31.3","No","Yes","2023-10-19 15:49:19",2023-10-18,"18:08:34"
"MCC_136","F_6","S_2","N/A",6,700,4.2,8.8,3.2,0,"N/A","No","28.6","No","Yes","2023-10-19 15:49:19",2023-10-18,"18:05:52"
"MCC_136","F_6","S_1","N/A",6,700,3.6,9.3,3.2,0,"N/A","No","31.2","No","Yes","2023-10-19 15:49:19",2023-10-19,"14:42:29"
"MCC_136","F_7","S_2","N/A",6,700,4.2,8.8,3.2,0,"N/A","No","28.6","No","Yes","2023-10-19 15:49:19",2023-10-18,"18:04:01"
"MCC_136","F_7","S_1","N/A",5,700,3.8,8.8,3.2,0,"N/A","No","29","No","Yes","2023-10-19 15:49:19",2023-10-19,"14:40:14"
"MCC_136","F_8","S_1","N/A",30,700,5.1,8.9,3.3,0,"N/A","No","28.1","No","Yes","2023-10-19 15:49:19",2023-10-19,"14:38:12"
"MCC_136","F_8","S_2","N/A",30,700,4.3,8.8,3.2,0,"N/A","No","28.5","No","Yes","2023-10-19 15:49:19",2023-10-18,"18:02:08"
"MCC_136","F_9","S_1","N/A",7,700,2.8,8.8,3.2,0,"N/A","No","30","No","Yes","2023-10-19 15:49:19",2023-10-19,"14:36:02"
"MCC_136","F_9","S_2","N/A",4,700,5.2,8.8,3.2,0,"N/A","No","27.6","No","Yes","2023-10-19 15:49:19",2023-10-18,"18:00:08"
"MCC_136","F_10","S_1","N/A",46,700,3.9,8.9,3.3,0,"N/A","No","29.3","No","Yes","2023-10-19 15:49:19",2023-10-18,"17:56:58"
"MCC_136","F_11","S_2","N/A",47,700,3.9,8.3,3,0,"N/A","No","26.9","No","Yes","2023-10-19 15:49:19",2023-10-18,"17:55:00"
"MCC_136","F_11","S_1","N/A",61,700,4.2,9.2,3.4,0,"N/A","No","30.2","No","Yes","2023-10-19 15:49:19",2023-10-19,"14:33:33"
"MCC_136","F_11","S_3","N/A",18,700,4.5,8.8,3.4,0,"N/A","No","28.8","No","Yes","2023-10-19 15:49:19",2023-10-18,"17:52:47"
"MCC_628","F_29","S_4","Pass",7,550,3.6,8.6,3.2,0,"28.5","No","28.5","Yes","Yes","2023-10-21 13:08:44",2023-10-21,"13:08:38"
"MCC_628","F_29","S_3","Pass",26,550,3.4,8.3,3,0,"27.5","No","27.5","Yes","Yes","2023-10-20 19:37:25",2023-10-20,"19:36:40"
"MCC_628","F_29","S_2","Pass",10,550,4.1,8.3,3,1,"26.9","No","26","Yes","Yes","2023-10-19 16:09:51",2023-10-19,"15:54:19"
"MCC_628","F_29","S_1","Pass",10,550,4,8.3,3,1,"26","No","26","Yes","Yes","2023-10-19 16:09:49",2023-10-19,"16:09:49"
"MCC_488","F_1","S_1","Pass",NA,NA,3.5,8.2,3.2,0.12,"N/A","Yes","27","Yes","Yes","2023-10-20 13:46:57",2023-10-20,"11:20:15"
"MCC_488","F_2","S_1","Pass",250,350,3.7,8.5,3.4,0.14,"N/A","No","27.5","Yes","Yes","2023-10-19 15:57:28",2023-10-18,"17:06:34"
"MCC_488","F_3","S_1","Pass",150,350,4.2,8.7,3.5,0,"28","No","28.5","Yes","Yes","2023-10-19 15:57:28",2023-10-18,"14:51:28"
"MCC_8","F_4","S_1","Pass",427,850,4.1,8.9,3.4,0,"27.9","No","27.9","Yes","Yes","2023-10-17 14:32:13",2023-10-17,"14:32:12"
"MCC_8","F_5","S_1","Pass",62,850,3.5,8.9,3.2,0,"27.5","No","27.5","Yes","Yes","2023-10-19 18:20:44",2023-10-19,"18:20:44"
"MCC_357","F_1","S_1","Pass",50,550,4.2,9.7,3.2,0,"28","No","30","Yes","Yes","2023-10-19 19:09:17",2023-10-19,"17:18:19"
"MCC_357","F_1","S_5","Pass",50,550,3.8,8.9,3.3,0,"27","No","29.8","Yes","Yes","2023-10-21 15:27:02",2023-10-21,"15:09:48"
"MCC_357","F_1","S_2","Pass",50,550,4.1,9.7,3.5,0,"29","No","29","Yes","Yes","2023-10-19 19:13:36",2023-10-19,"19:13:35"
"MCC_357","F_1","S_6","Pass",50,550,3.9,8.8,3.3,0,"27","No","30.1","Yes","Yes","2023-10-21 15:27:02",2023-10-21,"15:08:34"
"MCC_357","F_1","S_4","Pass",50,550,4,8.9,3.3,0,"27","No","29.3","Yes","Yes","2023-10-21 01:52:24",2023-10-20,"14:25:32"
"MCC_357","F_1","S_3","Pass",500,550,3.9,8.9,3.4,0,"28","No","30","Yes","Yes","2023-10-21 01:52:24",2023-10-20,"14:27:57"
"MCC_93","F_7","S_1","Pass",50,500,4,9.1,3.2,0,"28","No","30","Yes","Yes","2023-10-19 19:16:39",2023-10-19,"19:08:47"
"MCC_49","F_22","S_1","Pass",15,300,3.3,8.8,3.5,0,"N/A","No","27.7","Yes","Yes","2023-10-19 21:30:00",2023-10-19,"21:29:59"
"MCC_49","F_23","S_1","Pass",25,300,3.4,8.9,3.5,0,"N/A","No","27.7","Yes","Yes","2023-10-19 21:34:01",2023-10-19,"21:34:01"
"MCC_49","F_24","S_1","Pass",189,300,3.5,8.8,3.5,0,"28","No","28.7","Yes","Yes","2023-10-19 21:39:45",2023-10-19,"21:39:44"
"MCC_357","F_2","S_4","Pass",50,550,3.9,9.1,3.3,0,"27","No","29.2","Yes","Yes","2023-10-21 15:27:02",2023-10-21,"15:15:04"
"MCC_357","F_2","S_2","Pass",50,550,3.9,8.9,3.4,0,"26","No","29","Yes","Yes","2023-10-21 15:27:02",2023-10-21,"15:17:49"
"MCC_357","F_2","S_7","Pass",50,550,3.9,9,3.3,0,"27","No","29.8","Yes","Yes","2023-10-21 15:27:02",2023-10-21,"15:11:42"
"MCC_357","F_2","S_5","Pass",50,550,4,9.2,3.3,0,"27","No","30.1","Yes","Yes","2023-10-21 15:27:02",2023-10-21,"15:14:00"
"MCC_357","F_2","S_6","Pass",50,550,3.9,8.9,3.3,0,"26","No","29.1","Yes","Yes","2023-10-21 15:27:02",2023-10-21,"15:12:48"
"MCC_357","F_2","S_3","Pass",25,550,4,9.3,3.4,0,"28","No","30.3","Yes","Yes","2023-10-21 15:27:02",2023-10-21,"15:16:27"
"MCC_357","F_2","S_1","Pass",50,550,4,9.3,3.4,0,"27","No","29.8","Yes","Yes","2023-10-21 15:27:02",2023-10-21,"15:19:26"
"MCC_357","F_3","S_4","Pass",50,NA,4,9.5,3.5,0,"27","No","31.6","Yes","Yes","2023-10-22 18:19:07",2023-10-22,"09:32:44"
"MCC_357","F_3","S_3","Pass",50,550,4,9.1,3.4,0,"27","No","29.9","Yes","Yes","2023-10-21 15:27:02",2023-10-21,"15:24:47"
"MCC_357","F_3","S_2","Pass",50,550,4.1,9.2,3.4,0,"28","No","30.5","Yes","Yes","2023-10-21 15:27:02",2023-10-21,"15:25:35"
"MCC_357","F_3","S_1","Pass",19,550,4.1,9.2,3.4,0,"28","No","30.7","Yes","Yes","2023-10-21 15:27:02",2023-10-21,"15:26:29"
"MCC_357","F_4","S_1","Pass",6,450,3.9,8.9,3.3,0,"27","No","29","Yes","Yes","2023-10-21 01:52:24",2023-10-20,"17:22:18"
"MCC_357","F_4","S_2","Pass",6,450,4.1,9.4,3.4,0,"27","No","30.2","Yes","Yes","2023-10-21 15:27:02",2023-10-21,"15:23:13"
"MCC_357","F_5","S_1","Pass",6,450,3.9,9.6,3.6,0,"28","No","28","Yes","Yes","2023-10-19 21:42:01",2023-10-19,"21:40:33"
"MCC_357","F_5","S_3","Pass",6,450,4,9.1,3.4,0,"27","No","30.7","Yes","Yes","2023-10-21 15:27:02",2023-10-21,"15:21:45"
"MCC_357","F_5","S_2","Pass",6,450,4,9.6,3.4,0,"29","No","31.1","Yes","Yes","2023-10-21 01:52:24",2023-10-20,"17:12:21"
"MCC_49","F_25","S_1","Pass",130,300,3.5,8.9,3.5,0,"27","No","29","Yes","Yes","2023-10-19 21:44:10",2023-10-19,"21:44:06"
"MCC_49","F_26","S_1","Pass",25,300,3.4,8.8,3.5,0,"27","No","29","Yes","Yes","2023-10-19 21:47:09",2023-10-19,"21:47:08"
"MCC_49","F_27","S_1","Pass",250,300,3.4,8.8,3.4,1.9,"26.9","No","27","Yes","Yes","2023-10-19 21:53:39",2023-10-19,"21:53:38"
"MCC_49","F_28","S_1","Pass",1500,300,2.9,8.8,3.3,1.8,"27","No","27","Yes","Yes","2023-10-19 22:00:02",2023-10-19,"22:00:01"
"MCC_49","F_29","S_1","Pass",900,300,3.4,8.8,0,1.6,"28","No","27.6","Yes","Yes","2023-10-19 22:05:50",2023-10-19,"22:05:49"
"MCC_49","F_30","S_1","Pass",1100,300,3.5,8.8,3.5,0,"N/A","No","28","Yes","Yes","2023-10-19 22:10:25",2023-10-19,"22:10:24"
"MCC_49","F_31","S_1","Pass",700,300,3.5,8.8,3.3,0,"N/A","No","28","Yes","Yes","2023-10-19 22:16:12",2023-10-19,"22:16:11"
"MCC_224","F_1","S_1","Pass",30,350,4.2,8.8,3.5,0,"29","No","30","Yes","Yes","2023-10-19 22:54:58",2023-10-18,"14:51:31"
"MCC_224","F_2","S_1","Pass",NA,NA,3.7,8.2,3.7,0,"30","No","29","Yes","Yes","2023-10-20 04:40:46",2023-10-20,"04:40:45"
"MCC_224","F_3","S_1","Pass",NA,NA,3.4,8.2,3.6,0,"29","No","29","Yes","Yes","2023-10-20 04:37:48",2023-10-20,"04:37:46"
"MCC_92","F_1","S_1","Pass",98,500,4.2,8.9,3.3,0,"27","No","28.3","Yes","Yes","2023-10-20 07:21:33",2023-10-18,"14:51:29"
"MCC_49","F_32","S_1","Pass",34,300,4.3,9.3,3.4,0,"27","No","30.7","Yes","Yes","2023-10-20 08:31:56",2023-10-20,"08:31:55"
"MCC_49","F_33","S_1","Pass",12,300,5.3,9.7,3.6,0,"26","No","29.9","Yes","Yes","2023-10-20 08:38:11",2023-10-20,"08:38:10"
"MCC_49","F_34","S_1","Pass",28,300,3.9,9.7,3.4,0,"25","No","30.5","Yes","Yes","2023-10-20 08:40:29",2023-10-20,"08:40:29"
"MCC_49","F_35","S_1","Pass",4,300,3.8,9.2,3.4,0,"28","No","28","Yes","Yes","2023-10-20 09:01:32",2023-10-20,"09:01:31"
"MCC_49","F_36","S_1","Pass",95,300,4,9.3,3.4,0,"27","No","31","Yes","Yes","2023-10-20 09:04:43",2023-10-20,"09:04:42"
"MCC_628","F_30","S_1","Pass",8,500,5.8,9,3.3,0,"27.9","No","27.9","Yes","Yes","2023-10-20 11:58:37",2023-10-20,"11:58:36"
"MCC_49","F_37","S_1","Pass",717,300,4.4,9.1,3.3,0,"28","No","29.8","Yes","Yes","2023-10-20 10:07:19",2023-10-20,"10:07:18"
"MCC_42","F_15","S_1","Pass",51,400,3,8,2,0,"30","No","29","Yes","Yes","2023-10-20 10:11:54",2023-10-20,"10:11:54"
"MCC_42","F_15","S_2","Pass",58,400,3,9,3,0,"29","No","28","Yes","Yes","2023-10-22 09:53:32",2023-10-22,"09:53:31"
"MCC_49","F_38","S_1","Pass",15,300,4,8.9,4.5,0,"N/A","No","31","Yes","Yes","2023-10-20 10:52:52",2023-10-20,"10:52:51"
"MCC_42","F_16","S_2","Pass",23,400,4,9,3.4,0,"30","No","29","Yes","Yes","2023-10-21 08:08:46",2023-10-21,"08:08:45"
"MCC_42","F_16","S_1","Pass",28,400,3,9,3,0,"28","No","30","Yes","Yes","2023-10-20 10:22:30",2023-10-20,"10:22:29"
"MCC_49","F_39","S_1","Pass",792,300,3.4,8.8,3.4,0,"28","No","29.8","Yes","Yes","2023-10-20 10:51:40",2023-10-20,"10:51:39"
"MCC_96","F_3","S_1","Pass",50,500,3.8,9.3,3.3,0,"30","No","30.2","Yes","Yes","2023-10-20 11:50:02",2023-10-20,"11:34:40"
"MCC_49","F_40","S_1","Pass",150,300,3.3,9.2,3.4,0,"31","No","31.3","Yes","Yes","2023-10-20 11:46:31",2023-10-20,"11:46:30"
"MCC_150","F_1","S_1","Pass",50,550,4,8.9,3.3,0,"29","No","30.2","Yes","Yes","2023-10-20 11:49:50",2023-10-20,"11:34:55"
"MCC_473","F_8","S_1","N/A",53,800,4.1,8.8,3.2,0,"28.7","No","30","Yes","Yes","2023-10-20 11:56:34",2023-10-20,"11:39:21"
"MCC_49","F_41","S_1","Pass",1088,300,4.3,9.2,3.4,0,"N/A","No","30.3","Yes","Yes","2023-10-20 12:49:55",2023-10-20,"12:49:54"
"MCC_49","F_42","S_1","Pass",214,300,3.6,8.8,3.2,0,"31","No","29.4","Yes","Yes","2023-10-20 12:48:44",2023-10-20,"12:48:43"
"MCC_488","F_4","S_1","Pass",NA,NA,3.3,8.2,3.2,0.11,"N/A","Yes","28","Yes","Yes","2023-10-20 13:46:57",2023-10-20,"11:26:41"
"MCC_488","F_4","S_2","Pass",NA,NA,3.3,8.1,3.2,11,"N/A","Yes","28","Yes","Yes","2023-10-20 13:46:57",2023-10-20,"11:25:01"
"MCC_49","F_43","S_1","Pass",800,300,3.6,8,3.4,0,"31","No","30.1","Yes","Yes","2023-10-20 14:06:47",2023-10-20,"14:06:46"
"MCC_49","F_44","S_1","Pass",1372,300,3.3,8.7,3.4,0,"30","No","30.3","Yes","Yes","2023-10-20 14:10:45",2023-10-20,"14:10:45"
"MCC_224","F_4","S_1","Pass",39,350,3.2,8.7,3.8,0,"28","No","28","Yes","Yes","2023-10-20 15:27:52",2023-10-20,"15:27:50"
"MCC_216","F_1","S_1","Pass",200,300,3.6,9.3,3.4,0,"28","No","31.4","Yes","Yes","2023-10-20 15:29:37",2023-10-20,"15:19:37"
"MCC_546","F_3","S_1","Pass",100,400,3.5,9.2,3.2,0,"28","No","31.2","Yes","Yes","2023-10-20 15:30:58",2023-10-20,"15:18:33"
"MCC_612","F_1","S_1","Pass",345,500,3.9,7.9,2.9,0.1,"28","No","29","Yes","Yes","2023-10-20 15:31:18",2023-10-20,"15:18:20"
"MCC_612","F_1","S_2","Pass",400,400,3.9,8.6,3.2,0,"28","No","28","Yes","Yes","2023-10-21 19:15:30",2023-10-21,"11:18:54"
"MCC_612","F_1","S_3","Pass",501,400,4.1,9,3.3,0,"30","No","30","Yes","Yes","2023-10-22 14:54:26",2023-10-22,"14:53:35"
"MCC_612","F_2","S_1","Pass",205,500,3.8,7.5,3.3,0.1,"28","No","25","Yes","Yes","2023-10-20 15:31:18",2023-10-20,"15:16:54"
"MCC_18","F_1","S_1","Pass",200,350,4,9.5,3.3,0,"28","No","28","Yes","Yes","2023-10-20 15:31:33",2023-10-20,"15:16:43"
"MCC_84","F_1","S_2","Pass",305,350,4.9,9.7,3.6,0,"30","No","30","Yes","Yes","2023-10-22 10:39:57",2023-10-22,"10:39:46"
"MCC_84","F_1","S_1","Pass",120,300,4.1,7.6,3.3,0,"28","No","29","Yes","Yes","2023-10-20 15:33:57",2023-10-20,"15:19:31"
"MCC_546","F_4","S_1","Pass",50,400,3.6,9.2,3.2,0,"28","No","31","Yes","Yes","2023-10-22 17:35:01",2023-10-22,"14:21:57"
"MCC_700","F_1","S_1","Pass",50,300,3.9,9.3,3.4,0,"28","No","31.1","Yes","Yes","2023-10-20 15:51:37",2023-10-20,"15:19:25"
"MCC_488","F_5","S_1","Pass",120,350,3.4,8.3,3.3,1.12,"27","No","27.5","Yes","Yes","2023-10-20 16:36:48",2023-10-20,"14:16:40"
"MCC_42","F_17","S_1","Pass",20,400,4,9,3,0,"30","No","29","Yes","Yes","2023-10-21 08:09:55",2023-10-21,"08:09:55"
"MCC_42","F_17","S_2","Pass",21,400,4,9,3,0,"30","No","31","Yes","Yes","2023-10-22 09:52:00",2023-10-22,"09:51:59"
"MCC_628","F_31","S_2","Pass",72,500,3.3,8.3,3,2,"27.6","No","27.6","Yes","Yes","2023-10-21 10:34:59",2023-10-21,"10:34:53"
"MCC_628","F_31","S_1","Pass",104,500,3.6,8.6,3.2,0,"28.5","No","28","Yes","Yes","2023-10-21 08:11:58",2023-10-21,"08:11:41"
"MCC_628","F_32","S_1","Pass",59,500,3.8,9.2,3.4,0,"30.7","No","30.7","Yes","Yes","2023-10-21 08:09:21",2023-10-20,"19:50:45"
"MCC_357","F_6","S_1","Pass",NA,NA,4.1,9.2,3.4,0,"33","No","30.3","Yes","Yes","2023-10-21 10:21:15",2023-10-21,"10:21:14"
"MCC_357","F_6","S_2","Pass",NA,NA,3.8,9.1,3.3,0,"33","No","30.2","Yes","Yes","2023-10-21 18:11:48",2023-10-21,"18:11:47"
"MCC_357","F_7","S_1","Pass",NA,NA,3.8,9.4,3.3,0,"33","No","31.4","Yes","Yes","2023-10-21 10:20:01",2023-10-21,"10:19:59"
"MCC_357","F_8","S_1","Pass",NA,NA,3.7,9,3.3,0,"32","No","29.9","Yes","Yes","2023-10-21 10:18:02",2023-10-21,"10:18:00"
"MCC_357","F_9","S_1","Pass",NA,NA,3.7,9.1,3.3,0,"32","No","30.3","Yes","Yes","2023-10-21 10:15:44",2023-10-21,"10:15:42"
"MCC_357","F_10","S_1","Pass",562,NA,4.1,9.2,3.4,0,"33","No","31.2","Yes","Yes","2023-10-21 10:13:53",2023-10-21,"10:13:51"
"MCC_548","F_1","S_1","Pass",70,450,4,9.3,3.4,0,"25","No","29","Yes","Yes","2023-10-21 13:25:21",2023-10-21,"13:11:41"
"MCC_618","F_1","S_1","Pass",400,400,4,9.3,3.4,0,"30","No","29","Yes","Yes","2023-10-21 13:11:45",2023-10-21,"13:11:43"
"MCC_20","F_1","S_1","Pass",400,400,4,9.3,3.4,0,"30","No","29","Yes","Yes","2023-10-21 13:11:45",2023-10-21,"13:11:44"
"MCC_107","F_20","S_1","Pass",44,450,4.2,8.7,3.2,0,"N/A","No","28.6","Yes","Yes","2023-10-21 15:35:52",2023-10-21,"15:35:50"
"MCC_152","F_2","S_1","Pass",6,350,4,8.5,3.2,0,"28","No","28.5","Yes","Yes","2023-10-21 17:21:15",2023-10-21,"17:09:10"
"MCC_152","F_2","S_2","Pass",NA,NA,3.6,8.6,3.2,0,"28.5","Yes","28.5","Yes","Yes","2023-10-22 21:59:33",2023-10-22,"21:59:29"
"MCC_612","F_3","S_1","Pass",800,400,3.5,9,3.1,0,"27","No","27","Yes","Yes","2023-10-21 19:15:30",2023-10-21,"14:45:22"
"MCC_612","F_3","S_3","Pass",NA,NA,2.1,8.6,3.2,0,"30","Yes","30","Yes","Yes","2023-10-21 19:15:30",2023-10-21,"10:30:20"
"MCC_612","F_3","S_5","Pass",250,400,3.4,8.8,3.2,0,"28","No","27","Yes","Yes","2023-10-22 14:54:26",2023-10-22,"10:28:44"
"MCC_612","F_3","S_2","Pass",NA,NA,3.3,9,3.3,0,"29","Yes","30","Yes","Yes","2023-10-21 19:15:30",2023-10-21,"13:33:09"
"MCC_612","F_3","S_4","Pass",650,400,3.9,8.7,3.3,0,"27","No","29","Yes","Yes","2023-10-22 14:54:26",2023-10-22,"14:52:48"
"MCC_612","F_4","S_2","Pass",15,400,4.1,9,3.3,0,"26","No","26","Yes","Yes","2023-10-22 14:54:26",2023-10-22,"14:52:06"
"MCC_612","F_4","S_1","Pass",6,400,3.5,8.6,3.3,0.1,"26","No","27","Yes","Yes","2023-10-21 19:15:30",2023-10-21,"14:44:33"
"MCC_612","F_5","S_2","Pass",29,400,3.7,8.6,3.2,0,"28","No","28","Yes","Yes","2023-10-21 19:15:30",2023-10-21,"10:31:23"
"MCC_612","F_5","S_3","Pass",30,400,3.8,8.7,3.2,0,"27","No","28","Yes","Yes","2023-10-22 14:54:26",2023-10-22,"10:32:30"
"MCC_612","F_5","S_1","Pass",300,400,3.5,9,3.3,0,"29","No","30","Yes","Yes","2023-10-21 19:15:30",2023-10-21,"12:36:59"
"MCC_612","F_6","S_1","Pass",75,400,3.9,9,3.3,0,"28","No","29","Yes","Yes","2023-10-21 19:15:30",2023-10-21,"12:22:02"
"MCC_612","F_6","S_2","Pass",65,400,3.5,8.7,3.3,0.1,"27","No","26","Yes","Yes","2023-10-22 14:54:26",2023-10-22,"14:51:04"
"MCC_612","F_7","S_1","Pass",76,400,3.5,8.7,3.2,0,"28","No","28","Yes","Yes","2023-10-21 19:15:30",2023-10-21,"14:43:33"
"MCC_612","F_7","S_2","Pass",65,400,3.9,8.9,3.2,0,"26","No","29","Yes","Yes","2023-10-22 14:54:26",2023-10-22,"14:50:16"
"MCC_612","F_8","S_2","Pass",8,400,3.9,8.9,3.3,0,"27","No","29","Yes","Yes","2023-10-22 14:54:26",2023-10-22,"14:49:30"
"MCC_612","F_8","S_1","Pass",4,400,3.6,8.7,3.2,0,"26","No","27","Yes","Yes","2023-10-21 19:15:30",2023-10-21,"14:42:46"
"MCC_612","F_9","S_1","Pass",88,400,3.8,8.5,3.2,0,"28","No","29","Yes","Yes","2023-10-21 19:15:30",2023-10-21,"14:41:55"
"MCC_612","F_9","S_2","Pass",89,400,4,9,3.5,0,"28","No","30","Yes","Yes","2023-10-22 14:54:26",2023-10-22,"14:48:50"
"MCC_612","F_10","S_3","Pass",69,400,3.9,8.9,3.5,0,"29","No","29","Yes","Yes","2023-10-22 14:54:26",2023-10-22,"14:47:55"
"MCC_612","F_10","S_1","Pass",89,400,3.9,8.7,3.3,0,"27","No","29","Yes","Yes","2023-10-21 19:15:30",2023-10-21,"14:40:57"
"MCC_612","F_10","S_2","Pass",73,400,3.6,8.8,3.2,0,"29","No","29","Yes","Yes","2023-10-21 19:15:30",2023-10-21,"14:39:47"
"MCC_612","F_11","S_2","Pass",220,400,3.9,8.9,3.3,0,"28","No","28","Yes","Yes","2023-10-22 14:54:26",2023-10-22,"10:41:35"
"MCC_612","F_11","S_1","Pass",210,400,4,8.9,3.3,0,"29","No","30","Yes","Yes","2023-10-21 19:15:30",2023-10-21,"14:36:37"
"MCC_612","F_12","S_1","Pass",50,400,3.6,8.8,3.2,0,"29","No","30","Yes","Yes","2023-10-21 19:15:30",2023-10-21,"14:38:01"
"MCC_612","F_13","S_3","Pass",170,400,3.7,8.7,3.2,0,"28","No","28","Yes","Yes","2023-10-22 14:54:26",2023-10-22,"11:17:29"
"MCC_612","F_13","S_5","Pass",150,400,3.4,8.6,3.2,0.1,"28","No","27","Yes","Yes","2023-10-22 14:54:26",2023-10-22,"10:08:08"
"MCC_612","F_13","S_4","Pass",150,400,3.6,9,3.3,0,"27","No","29","Yes","Yes","2023-10-22 14:54:26",2023-10-22,"10:14:36"
"MCC_612","F_13","S_1","Pass",250,400,3.8,8.8,3.2,0.2,"27","No","27","Yes","Yes","2023-10-21 19:15:30",2023-10-21,"14:47:30"
"MCC_612","F_13","S_2","Pass",147,400,3.9,8.6,3.2,0,"28","No","28.3","Yes","Yes","2023-10-21 19:15:30",2023-10-21,"11:18:09"
"MCC_612","F_14","S_3","Pass",NA,NA,2.9,7.8,2.9,9,"25","Yes","25","Yes","Yes","2023-10-22 14:54:26",2023-10-22,"12:13:50"
"MCC_612","F_14","S_2","Pass",200,400,3.8,8.9,3.3,0,"27","No","30","Yes","Yes","2023-10-22 14:54:26",2023-10-22,"14:46:50"
"MCC_612","F_14","S_1","Pass",NA,NA,3.1,8.3,3,3,"26","Yes","27","Yes","Yes","2023-10-21 19:15:30",2023-10-21,"12:42:20"
"MCC_612","F_15","S_3","Pass",500,400,3.8,8.9,3.3,0,"28","No","31","Yes","Yes","2023-10-22 14:54:26",2023-10-22,"14:46:06"
"MCC_612","F_15","S_4","Pass",220,400,3.7,8.8,3.2,0,"29","No","29","Yes","Yes","2023-10-22 14:54:26",2023-10-22,"09:58:42"
"MCC_612","F_15","S_1","Pass",200,400,3.7,9,3.3,0,"27","No","30","Yes","Yes","2023-10-21 19:15:30",2023-10-21,"13:58:32"
"MCC_612","F_15","S_2","Pass",228,400,3.5,8.8,3.2,0,"28","No","29","Yes","Yes","2023-10-21 19:15:30",2023-10-21,"12:13:06"
"MCC_488","F_6","S_1","Pass",25,350,3.3,8.2,3.2,27,"27","No","27.5","Yes","Yes","2023-10-21 21:07:51",2023-10-20,"16:43:54"
"MCC_488","F_6","S_2","Pass",25,350,3.3,8.2,3.2,27,"27","No","27.5","Yes","Yes","2023-10-21 21:07:52",2023-10-20,"16:43:54"
"MCC_148","F_1","S_1","Pass",230,0,4.3,9.4,3.4,0,"27","No","28.9","Yes","Yes","2023-10-22 10:21:36",2023-10-22,"10:20:45"
"MCC_148","F_2","S_1","N/A",90,400,4.6,9.1,3.3,0,"27","No","27.4","Yes","Yes","2023-10-22 10:21:36",2023-10-22,"10:16:09"
"MCC_148","F_3","S_1","N/A",140,400,3.5,9,3.3,0,"27","No","28.1","Yes","Yes","2023-10-22 10:21:36",2023-10-22,"10:07:45"
"MCC_148","F_4","S_1","N/A",72,400,3.9,9.4,3.4,0,"27","No","29.3","Yes","Yes","2023-10-22 10:21:36",2023-10-22,"10:02:16"
"MCC_148","F_5","S_1","N/A",NA,NA,3,6.1,2.2,25,"17","Yes","20","Yes","Yes","2023-10-22 10:21:36",2023-10-22,"09:59:54"
"MCC_148","F_6","S_1","N/A",220,400,3.9,9.2,3.4,0,"27","No","28.5","Yes","Yes","2023-10-22 10:21:36",2023-10-22,"10:03:55"
"MCC_148","F_7","S_1","N/A",2,400,4.9,9.7,3.6,0,"N/A","No","29.5","No","Yes","2023-10-22 10:21:36",2023-10-22,"09:27:01"
"MCC_84","F_2","S_1","Pass",87,350,4,8.9,3.4,0,"28","No","28","Yes","Yes","2023-10-22 10:45:21",2023-10-22,"10:45:18"
"MCC_610","F_1","S_1","Pass",89,400,4.5,9.5,NA,0,"27","No","30.2","Yes","Yes","2023-10-22 11:25:28",2023-10-22,"11:21:28"
"MCC_610","F_2","S_1","Pass",100,400,3.8,9,NA,0,"27","No","27.8","Yes","Yes","2023-10-22 11:25:28",2023-10-22,"11:11:08"
"MCC_610","F_3","S_1","Pass",420,400,3.9,8.8,NA,0,"28","No","29","Yes","Yes","2023-10-22 11:25:28",2023-10-22,"11:15:17"
"MCC_610","F_3","S_2","Pass",420,400,3.2,8.5,3.1,0,"27","No","29.6","Yes","Yes","2023-10-22 11:32:05",2023-10-22,"11:32:04"
"MCC_610","F_4","S_1","Pass",50,400,3.7,9,NA,0,"27","No","30","Yes","Yes","2023-10-22 11:29:06",2023-10-22,"11:29:05"
"MCC_610","F_5","S_1","Pass",20,400,4,8,2.7,0,"27","No","25","Yes","Yes","2023-10-22 11:52:05",2023-10-22,"11:49:19"
"MCC_82","F_1","S_1","Pass",150,600,3,3,3.2,0,"28","No","26","Yes","Yes","2023-10-22 13:15:35",2023-10-22,"13:07:23"
"MCC_82","F_2","S_1","Pass",100,600,4,3,3,0,"28","No","27","Yes","Yes","2023-10-22 13:15:35",2023-10-22,"13:05:03"
"MCC_82","F_3","S_1","Pass",3,400,3,3,3,0,"28","No","28","Yes","Yes","2023-10-22 19:43:36",2023-10-22,"14:54:45"
"MCC_14","F_6","S_1","Pass",60,400,4.4,9.2,3.5,0,"29","No","30","Yes","Yes","2023-10-23 07:28:36",2023-10-23,"07:28:35"
"MCC_14","F_7","S_1","Pass",75,400,4.2,9.2,3.4,0,"29","No","32","Yes","Yes","2023-10-23 07:31:01",2023-10-23,"07:31:00"
"MCC_14","F_8","S_1","Pass",25,400,4.3,9.4,3.2,0,"28","No","30.6","Yes","Yes","2023-10-22 22:14:00",2023-10-22,"21:50:01"
"MCC_14","F_9","S_1","Pass",47,400,4.5,9,3.4,0,"29","No","28.8","Yes","Yes","2023-10-22 22:14:00",2023-10-22,"21:55:39"
"MCC_14","F_10","S_1","Pass",50,400,4.5,9.3,3.4,0,"32","No","31.1","Yes","Yes","2023-10-22 22:14:00",2023-10-22,"21:51:47"
"MCC_14","F_11","S_1","Pass",186,400,4.3,9.5,3.2,0,"30","No","30.8","Yes","Yes","2023-10-22 22:14:00",2023-10-22,"21:46:05"
"MCC_14","F_12","S_1","Pass",50,400,4.3,9.2,3.5,0,"28","No","30.9","Yes","Yes","2023-10-22 22:14:00",2023-10-22,"21:43:11"
"MCC_14","F_13","S_1","Pass",24,400,4.3,9.3,3.4,0,"30","No","30.2","Yes","Yes","2023-10-22 21:39:36",2023-10-22,"21:39:33"
"MCC_14","F_14","S_1","Pass",30,400,4.4,9.3,3.4,0,"34","No","30.1","Yes","Yes","2023-10-22 21:35:41",2023-10-22,"21:35:39"
"MCC_546","F_5","S_1","Pass",43,400,3.5,9.1,3.2,0,"29","No","30.1","Yes","Yes","2023-10-22 17:35:01",2023-10-22,"14:47:06"
"MCC_546","F_6","S_1","Pass",50,400,3.6,9.2,3,0,"31.1","No","31.1","Yes","Yes","2023-10-22 17:35:01",2023-10-22,"12:49:45"
"MCC_157","F_1","S_1","Pass",195,500,3.6,9.1,3.3,0,"27.5","No","30.2","Yes","Yes","2023-10-22 17:46:11",2023-10-22,"16:51:28"
"MCC_157","F_2","S_1","Pass",860,550,3.7,9.2,3.4,0,"26.5","No","30.5","Yes","Yes","2023-10-22 17:46:11",2023-10-22,"16:47:11"
"MCC_157","F_3","S_1","Pass",95,500,3.7,9.2,3.4,0,"27","No","30.5","Yes","Yes","2023-10-22 17:46:11",2023-10-22,"16:41:02"
"MCC_157","F_4","S_1","Pass",140,500,4.4,9.4,3.4,0,"26.5","No","30.6","Yes","Yes","2023-10-22 17:46:11",2023-10-22,"16:35:48"
"MCC_157","F_5","S_1","N/A",180,550,4.4,9.1,3.4,0,"N/A","No","29","No","Yes","2023-10-22 17:46:11",2023-10-22,"16:32:36"
"MCC_152","F_3","S_1","Pass",15,350,2.6,7.4,2,9,"21","No","21","Yes","Yes","2023-10-22 21:51:43",2023-10-22,"21:24:10"
"MCC_152","F_4","S_1","Pass",40,450,2.6,7.6,3,7,"26","No","26","Yes","Yes","2023-10-22 21:51:43",2023-10-22,"21:21:45"
"MCC_152","F_5","S_1","Pass",50,400,3.4,8.5,3.2,0,"29","No","29.6","Yes","Yes","2023-10-22 21:51:43",2023-10-22,"21:18:24"
"MCC_152","F_6","S_1","Pass",5,350,3,7.7,3,4,"26","No","26","Yes","Yes","2023-10-22 21:51:43",2023-10-22,"21:16:08"
"MCC_152","F_7","S_1","Pass",129,400,2.7,7.7,3,7,"26","No","26.6","Yes","Yes","2023-10-22 21:51:43",2023-10-22,"21:12:18"
"MCC_152","F_8","S_1","Pass",100,400,3.3,8.2,3,0,"27","No","27","Yes","Yes","2023-10-22 21:51:43",2023-10-22,"20:26:29"
"MCC_546","F_7","S_1","Pass",150,400,3.7,9.2,3.2,0,"28","No","30.1","Yes","Yes","2023-10-22 22:00:45",2023-10-22,"22:00:44"
"MCC_546","F_8","S_1","Pass",48,400,3.7,9.1,3.3,0,"27","No","30.3","Yes","Yes","2023-10-22 22:05:03",2023-10-22,"22:04:56"
"MCC_152","F_9","S_1","Pass",30,400,3.4,8.3,3.1,0,"27.6","No","28","Yes","Yes","2023-10-22 22:04:03",2023-10-22,"22:04:00"
"MCC_152","F_1","S_1","Pass",140,400,3.4,8.3,3.3,0,"29.3","No","29","Yes","Yes","2023-10-22 22:07:32",2023-10-22,"22:07:04"
"MCC_546","F_1","S_1","Pass",119,400,3.7,9.2,3.2,0,"29","No","31","Yes","Yes","2023-10-22 22:13:08",2023-10-22,"22:13:07"
"MCC_14","F_1","S_1","Pass",5,400,3.3,4.2,3.2,0,"28","No","32","Yes","Yes","2023-10-23 07:33:49",2023-10-23,"07:33:48"
"MCC_14","F_2","S_1","Pass",28,400,4.3,9.5,4.2,0,"27","No","28.2","Yes","Yes","2023-10-23 07:32:31",2023-10-23,"07:32:30"
"MCC_546","F_2","S_1","Pass",33,400,3.7,9.1,3.1,0,"27","No","30.6","Yes","Yes","2023-10-22 22:17:31",2023-10-22,"22:17:29"
"MCC_93","F_1","S_1","Pass",17,NA,3.9,8.5,3.5,0,"27","No","28","Yes","Yes","2023-10-23 06:15:19",2023-10-23,"06:15:11"
"MCC_93","F_2","S_1","Pass",60,NA,NA,NA,NA,NA,"28","No","N/A","Yes","No","2023-10-23 06:11:59",2023-10-23,"06:11:56"
"MCC_93","F_3","S_1","Pass",NA,NA,NA,NA,NA,NA,"28","No","N/A","Yes","No","2023-10-23 06:11:16",2023-10-23,"06:11:16"
"MCC_93","F_4","S_1","Pass",40,NA,NA,NA,NA,NA,"27","No","N/A","Yes","No","2023-10-23 06:10:34",2023-10-23,"06:10:32"
"MCC_93","F_5","S_1","Pass",14,NA,3.8,9,3.2,0,"28","No","28","Yes","Yes","2023-10-23 06:09:26",2023-10-23,"06:09:22"
"MCC_93","F_6","S_1","Pass",15,NA,4,8.5,3.4,0,"27","No","28","Yes","Yes","2023-10-23 06:07:53",2023-10-23,"06:07:49"
"MCC_14","F_3","S_1","Pass",16,400,3.4,9.2,3.4,0,"26","No","29.6","Yes","Yes","2023-10-23 08:19:49",2023-10-23,"08:19:48"
"MCC_14","F_4","S_1","Pass",65,400,4.9,9.9,3.6,0,"28","No","32","Yes","Yes","2023-10-23 08:26:28",2023-10-23,"08:26:27"
"MCC_14","F_5","S_1","Pass",139,400,3.5,9.3,3.4,0,"29","No","31","Yes","Yes","2023-10-23 08:46:04",2023-10-23,"08:45:58"
"MCC_26","F_1","S_1","Pass",NA,NA,4.6,8.9,3.4,0,"28","Yes","28.7","Yes","Yes","2023-10-23 09:26:49",2023-10-20,"19:08:50"
"MCC_26","F_2","S_1","Pass",5,450,5.1,9.1,3.3,0,"28","No","29.9","Yes","Yes","2023-10-23 09:26:49",2023-10-20,"14:50:15"
"MCC_26","F_3","S_1","Pass",5,450,4.8,9,3.3,0,"28","No","28.8","Yes","Yes","2023-10-23 09:26:49",2023-10-22,"17:59:08"
"MCC_26","F_4","S_1","Pass",20,450,4,8.3,3.2,0,"28","No","28.4","Yes","Yes","2023-10-23 09:26:49",2023-10-20,"12:32:07"
"MCC_26","F_5","S_1","Pass",5,450,4.3,8.9,3.3,0,"28","No","28.4","Yes","Yes","2023-10-23 09:26:49",2023-10-20,"18:54:36"
"MCC_26","F_6","S_1","Pass",8,450,4.6,9.1,3.2,0,"29","No","29.5","Yes","Yes","2023-10-23 09:26:49",2023-10-22,"18:01:46"
"MCC_26","F_7","S_1","Pass",71,500,4.2,9,3.1,0,"29","No","29.3","Yes","Yes","2023-10-23 09:26:49",2023-10-22,"18:03:58"
"MCC_26","F_7","S_2","Pass",60,500,4.5,8.2,3.2,0,"28.8","No","28.8","Yes","Yes","2023-10-23 09:26:49",2023-10-20,"12:00:15"
"MCC_26","F_8","S_1","Pass",15,450,5.1,9.2,3.3,0,"29","No","29.9","Yes","Yes","2023-10-23 09:26:49",2023-10-20,"14:52:52"
"MCC_26","F_9","S_1","Pass",11,450,4.3,8.9,3.2,0,"28","No","28.9","Yes","Yes","2023-10-23 09:26:49",2023-10-20,"18:52:14"
"MCC_26","F_10","S_1","Pass",7,450,4.5,8.9,3.3,0,"29","No","29.4","Yes","Yes","2023-10-23 09:26:49",2023-10-22,"18:00:39"
"MCC_26","F_10","S_2","Pass",14,450,4.5,8.5,3.1,2,"27","No","27.3","Yes","Yes","2023-10-23 09:26:49",2023-10-20,"15:04:42"
"MCC_26","F_11","S_1","Pass",25,500,4.3,8.8,3.2,0,"28","No","28.8","Yes","Yes","2023-10-23 09:26:49",2023-10-22,"17:53:15"
"MCC_26","F_12","S_1","Pass",65,450,4.3,8.9,3.3,0,"29","No","29","Yes","Yes","2023-10-23 09:26:49",2023-10-20,"10:59:56"
"MCC_26","F_13","S_1","Pass",14,450,4.6,9.8,3.5,0,"28","No","29","Yes","Yes","2023-10-23 09:26:49",2023-10-20,"19:02:11"
"MCC_26","F_14","S_1","Pass",40,500,4.8,3.2,2.9,0,"29","No","29","Yes","Yes","2023-10-23 09:26:49",2023-10-22,"17:50:18"
"MCC_26","F_14","S_2","Pass",30,450,4.9,8.9,3.4,0,"28.9","No","29","Yes","Yes","2023-10-23 09:26:49",2023-10-20,"14:54:48"
"MCC_26","F_15","S_1","Pass",50,500,4.8,9,3.3,0,"29","No","29.8","Yes","Yes","2023-10-23 09:26:49",2023-10-21,"17:37:50"
"MCC_26","F_15","S_2","Pass",51,500,4.5,8.3,3.3,0,"28.8","No","29","Yes","Yes","2023-10-23 09:26:49",2023-10-20,"12:24:25"
"MCC_26","F_16","S_1","Pass",200,450,4.8,8.9,3.3,0,"30","No","29.5","Yes","Yes","2023-10-23 09:26:49",2023-10-20,"18:57:56"
"MCC_26","F_17","S_1","Pass",204,500,4.8,9,2.9,0,"29.8","No","26.6","Yes","Yes","2023-10-23 09:26:49",2023-10-22,"17:47:12"
"MCC_26","F_17","S_2","Pass",238,450,4.5,8.9,3.4,0,"28","No","29.4","Yes","Yes","2023-10-23 09:26:49",2023-10-20,"18:59:58"
"MCC_26","F_18","S_1","Pass",71,500,5,9.4,3.4,0,"28","No","31.2","Yes","Yes","2023-10-23 09:26:49",2023-10-22,"17:43:39"
"MCC_26","F_18","S_3","Pass",95,500,4.7,8.7,3.4,0,"29","No","29","Yes","Yes","2023-10-23 09:26:49",2023-10-20,"10:07:48"
"MCC_26","F_18","S_2","Pass",95,500,5,9.4,3.4,0,"31","No","31.2","Yes","Yes","2023-10-23 09:26:49",2023-10-21,"17:40:32"
"MCC_26","F_18","S_4","Pass",95,500,4.8,8.9,3.3,0,"29","No","29.4","Yes","Yes","2023-10-23 09:26:49",2023-10-18,"14:51:29"
