"today","district","treat","MCC_ID","consent","q4","q5","q6","q14a","q14b","q14c","q14d","q14e","q14f","q14g","q14h","q14i","q14j","q14k","q14l","q14m","q14n","q15","q16a","q16b","q16c","q16cc","q16d","poster","machine","machine_project","machine_in_use","record_keeping.1","record_keeping.2","record_keeping.3","record_keeping.4","record_keeping.5","record_keeping.96","q17","q18","q19","q20","q21","q22","Q23","q28","Q24","q27","q25a","q25b","q25c","q25x1","q25x2","q25x3","q29","q30.1","q30.2","q30.3","q30.4","q30.5","q30.7","q30.8","q31","repeat_buyer","normal_buyer.1","normal_buyer.2","normal_buyer.3","normal_buyer.4","normal_buyer.5","normal_buyer.6","same_buyer","reason_buyer","q32.1","q32.2","q32.3","q32.4","q32.5","q32.6","q33.1","q33.2","q33.3","q33.4","q33.5","q33.6","q33.7","q33.8","q33.9","q35","q36","q37","q38.1","q38.2","q38.3","q38.4","q38.5","q38.96","q39a","q39b","q39c","q39d","q40","q44","q46","q47","q48","q49","q50","q51.1","q51.2","q51.3","q51.4","q51.5","q51.96","q52a","q52b","q52c","q52d","q53","q54","q56","q57","q58","q59","q60","q61.1","q61.2","q61.3","q61.4","q61.5","q61.96","q62a","q62b","q62c","q62d","q63","q64","q66","q67","q68","q69","q70","q71.1","q71.2","q71.3","q71.4","q71.5","q71.96","q72a","q72b","q72c","q72d","q73","q74","q76","q77","q78","q79","q80","q81.1","q81.2","q81.3","q81.4","q81.5","q81.96","q82a","q82b","q82c","q82d","q83","q84","q86","q87","q31d","share","distribution","award","differentiate1","differentiate"
"2024-11-14","Kazo","C","MCC_228",1,"Male","6","Manager","0","1","0","0","0","1","1","3","10","4","1","2","5","0","1","1","1","1","1","n/a","2","1","2","2","False","False","True","False","True","False","1","1","3","3","1","1","62","3800","62","2300","88","1150","2450","1","2","1","2","n/a","n/a","n/a","n/a","n/a","n/a","n/a","5","1","False","False","True","False","False","False","2","1","False","False","True","False","False","False","n/a","n/a","n/a","n/a","n/a","n/a","n/a","n/a","n/a","n/a","n/a","n/a","n/a","n/a","n/a","n/a","n/a","n/a","n/a","n/a","n/a","n/a","n/a","n/a","n/a","n/a","n/a","n/a","n/a","n/a","n/a","n/a","n/a","n/a","n/a","n/a","n/a","n/a","n/a","n/a","n/a","n/a","n/a","2562","1250","1","True","True","True","False","False","False","2","8.2","2","4.1","3","2","n/a","2","n/a","n/a","n/a","n/a","n/a","n/a","n/a","n/a","n/a","n/a","n/a","n/a","n/a","n/a","n/a","n/a","n/a","n/a","n/a","n/a","n/a","n/a","n/a","n/a","n/a","n/a","n/a","n/a","n/a","n/a","n/a","n/a","n/a","n/a","n/a","n/a","n/a","4","n/a","2"
"2024-11-14","Mbarara","T","MCC_70",1,"Male","6","Secretary","1","1","0","10","0","1","1","3","24","0","1","0","3","0","1","1","1","1","1","n/a","1","1","2","1","False","False","True","True","False","False","3","1","1","1","1","1","28","3000","16","1000","18","1200","1350","1","1","1","1","False","False","False","True","True","False","False","2","1","True","False","False","False","False","False","1","n/a","True","False","False","False","False","False","n/a","n/a","n/a","n/a","n/a","n/a","n/a","n/a","n/a","1107","1000","1","True","True","True","False","False","False","2","8.7","2","3.9","2","1","200","1","n/a","n/a","n/a","n/a","n/a","n/a","n/a","n/a","n/a","n/a","n/a","n/a","n/a","n/a","n/a","n/a","n/a","n/a","n/a","n/a","n/a","n/a","n/a","n/a","n/a","n/a","n/a","n/a","n/a","n/a","n/a","n/a","n/a","n/a","n/a","n/a","n/a","n/a","n/a","n/a","n/a","n/a","n/a","n/a","n/a","n/a","n/a","n/a","n/a","n/a","n/a","n/a","n/a","n/a","n/a","n/a","n/a","n/a","n/a","n/a","n/a","n/a","n/a","n/a","n/a","n/a","n/a","n/a","1","100","2","3","2","2"
"2024-11-14","Mbarara","T","MCC_473",1,"Male","4","Manager","0","2","0","0","0","1","1","2","6","3","0","1","2","0","1","1","1","1","2","n/a","1","1","1","2","False","True","False","False","False","False","1","3","3","3","3","3","10","400","10","290","10","1000","380","2","3","1","2","n/a","n/a","n/a","n/a","n/a","n/a","n/a","5","2","True","False","False","True","False","False","1","n/a","True","False","False","True","False","False","n/a","n/a","n/a","n/a","n/a","n/a","n/a","n/a","n/a","380","1250","1","True","True","True","False","False","False","2","8.9","2","3.1","3","2","n/a","2","n/a","n/a","n/a","n/a","n/a","n/a","n/a","n/a","n/a","n/a","n/a","n/a","n/a","n/a","n/a","n/a","n/a","n/a","n/a","n/a","n/a","n/a","n/a","n/a","n/a","n/a","n/a","n/a","n/a","n/a","n/a","n/a","n/a","n/a","400","1250","2","n/a","n/a","n/a","n/a","n/a","n/a","n/a","n/a","n/a","n/a","3","2","n/a","2","n/a","n/a","n/a","n/a","n/a","n/a","n/a","n/a","n/a","n/a","n/a","n/a","n/a","n/a","n/a","n/a","n/a","n/a","n/a","n/a","96","1","2"
"2024-11-14","Mbarara","T","MCC_11",1,"Female","6","Manager","1","4","0","1","0","1","1","1","30","3","1","1","3","1","1","1","1","1","1","n/a","1","1","1","2","False","True","False","True","False","False","1","3","3","3","3","3","100","2000","97","1500","100","1000","1900","2","3","2","2","n/a","n/a","n/a","n/a","n/a","n/a","n/a","5","1","False","True","False","False","False","False","1","n/a","False","True","False","False","False","False","True","False","False","False","False","False","False","False","False","n/a","n/a","n/a","n/a","n/a","n/a","n/a","n/a","n/a","n/a","n/a","n/a","n/a","n/a","n/a","n/a","n/a","2000","1250","1","True","True","True","True","False","False","2","8.4","2","3.2","1","1","10","1","n/a","n/a","n/a","n/a","n/a","n/a","n/a","n/a","n/a","n/a","n/a","n/a","n/a","n/a","n/a","n/a","n/a","n/a","n/a","n/a","n/a","n/a","n/a","n/a","n/a","n/a","n/a","n/a","n/a","n/a","n/a","n/a","n/a","n/a","n/a","n/a","n/a","n/a","n/a","n/a","n/a","n/a","n/a","n/a","n/a","n/a","n/a","n/a","n/a","n/a","n/a","2","n/a","n/a","1","2","2"
"2024-11-14","Mbarara","T","MCC_136",1,"Male","5","Manager","1","3","0","0","0","1","1","2","11","2","0","1","2","1","1","1","1","1","1","n/a","1","1","1","3","False","True","False","False","True","False","1","3","3","3","1","1","15","1000","13","500","15","1000","1200","1","1","1","1","True","True","False","False","True","True","False","5","1","False","True","False","False","False","False","1","n/a","False","True","False","False","False","False","False","True","False","False","False","False","False","False","False","n/a","n/a","n/a","n/a","n/a","n/a","n/a","n/a","n/a","n/a","n/a","n/a","n/a","n/a","n/a","n/a","n/a","1200","1170","1","True","True","True","True","False","False","2","8.7","2","3.4","3","2","n/a","2","n/a","n/a","n/a","n/a","n/a","n/a","n/a","n/a","n/a","n/a","n/a","n/a","n/a","n/a","n/a","n/a","n/a","n/a","n/a","n/a","n/a","n/a","n/a","n/a","n/a","n/a","n/a","n/a","n/a","n/a","n/a","n/a","n/a","n/a","n/a","n/a","n/a","n/a","n/a","n/a","n/a","n/a","n/a","n/a","n/a","n/a","n/a","n/a","n/a","n/a","n/a","n/a","n/a","n/a","1","2","2"
"2024-11-14","Mbarara","C","MCC_9",1,"Female","6","Manager","1","0","0","1","0","1","1","3","50","3","1","1","7","0","1","2","n/a","n/a","n/a","n/a","2","2","n/a","n/a","False","True","False","False","False","False","1","3","3","1","1","3","58","1200","58","900","58","1000","1200","1","2","3","2","n/a","n/a","n/a","n/a","n/a","n/a","n/a","5","1","False","False","True","True","False","False","1","n/a","False","False","True","False","False","False","n/a","n/a","n/a","n/a","n/a","n/a","n/a","n/a","n/a","n/a","n/a","n/a","n/a","n/a","n/a","n/a","n/a","n/a","n/a","n/a","n/a","n/a","n/a","n/a","n/a","n/a","n/a","n/a","n/a","n/a","n/a","n/a","n/a","n/a","n/a","n/a","n/a","n/a","n/a","n/a","n/a","n/a","n/a","1200","1250","1","False","False","True","True","False","False","n/a","n/a","n/a","n/a","3","2","n/a","1","n/a","n/a","n/a","n/a","n/a","n/a","n/a","n/a","n/a","n/a","n/a","n/a","n/a","n/a","n/a","n/a","n/a","n/a","n/a","n/a","n/a","n/a","n/a","n/a","n/a","n/a","n/a","n/a","n/a","n/a","n/a","n/a","n/a","n/a","n/a","n/a","n/a","4","2","2"
"2024-11-14","Kiruhura","C","MCC_619",1,"Male","5","Manager","1","2","0","0","0","2","2","4","6","1","0","4","6","2","3","1","1","2","2","n/a","2","2","n/a","n/a","False","True","True","False","False","False","1","1","3","1","1","1","180","7000","140","5000","180","1150","7000","1","1","2","1","True","False","False","True","True","True","False","4","2","False","True","False","False","False","False","1","n/a","False","True","False","False","False","False","True","False","False","False","False","False","False","False","False","n/a","n/a","n/a","n/a","n/a","n/a","n/a","n/a","n/a","n/a","n/a","n/a","n/a","n/a","n/a","n/a","n/a","7000","1250","1","True","True","True","False","False","False","2","999","2","999","1","2","n/a","2","n/a","n/a","n/a","n/a","n/a","n/a","n/a","n/a","n/a","n/a","n/a","n/a","n/a","n/a","n/a","n/a","n/a","n/a","n/a","n/a","n/a","n/a","n/a","n/a","n/a","n/a","n/a","n/a","n/a","n/a","n/a","n/a","n/a","n/a","n/a","n/a","n/a","n/a","n/a","n/a","n/a","n/a","n/a","n/a","n/a","n/a","n/a","n/a","n/a","n/a","n/a","n/a","n/a","n/a","3","1","1"
"2024-11-14","Kiruhura","C","MCC_412",1,"Male","3","Manager","0","0","0","0","0","1","1","1","0","2","0","1","1","0","4","2","n/a","n/a","n/a","n/a","2","2","n/a","n/a","False","False","True","False","False","False","2","3","3","3","1","3","25","1400","20","800","28","1100","900","1","1","3","2","n/a","n/a","n/a","n/a","n/a","n/a","n/a","5","1","False","False","True","False","False","False","1","n/a","False","False","True","False","False","False","n/a","n/a","n/a","n/a","n/a","n/a","n/a","n/a","n/a","n/a","n/a","n/a","n/a","n/a","n/a","n/a","n/a","n/a","n/a","n/a","n/a","n/a","n/a","n/a","n/a","n/a","n/a","n/a","n/a","n/a","n/a","n/a","n/a","n/a","n/a","n/a","n/a","n/a","n/a","n/a","n/a","n/a","n/a","900","1200","1","False","True","True","False","False","False","n/a","n/a","96","999","1","2","n/a","2","n/a","n/a","n/a","n/a","n/a","n/a","n/a","n/a","n/a","n/a","n/a","n/a","n/a","n/a","n/a","n/a","n/a","n/a","n/a","n/a","n/a","n/a","n/a","n/a","n/a","n/a","n/a","n/a","n/a","n/a","n/a","n/a","n/a","n/a","n/a","n/a","n/a","96","2","2"
"2024-11-15","Kiruhura","T","MCC_487",1,"Male","5","Other","1","1","0","0","0","1","2","4","3","0","0","2","2","1","3","1","2","n/a","n/a","n/a","2","2","n/a","n/a","False","False","True","True","False","False","3","3","3","3","1","1","23","1000","23","300","23","1150","1000","1","1","2","2","n/a","n/a","n/a","n/a","n/a","n/a","n/a","5","1","False","True","False","False","False","False","1","n/a","False","True","False","False","False","False","True","False","False","False","False","False","False","False","False","n/a","n/a","n/a","n/a","n/a","n/a","n/a","n/a","n/a","n/a","n/a","n/a","n/a","n/a","n/a","n/a","n/a","1000","1300","1","False","False","True","False","False","False","n/a","n/a","n/a","n/a","1","1","150","2","n/a","n/a","n/a","n/a","n/a","n/a","n/a","n/a","n/a","n/a","n/a","n/a","n/a","n/a","n/a","n/a","n/a","n/a","n/a","n/a","n/a","n/a","n/a","n/a","n/a","n/a","n/a","n/a","n/a","n/a","n/a","n/a","n/a","n/a","n/a","n/a","n/a","n/a","n/a","n/a","n/a","n/a","n/a","n/a","n/a","n/a","n/a","n/a","n/a","n/a","n/a","2","n/a","n/a","96","1","1"
"2024-11-15","Kazo","C","MCC_558",1,"Male","5","Manager","0","0","0","0","0","1","1","1","10","1","0","1","2","1","1","2","n/a","n/a","n/a","n/a","2","2","n/a","n/a","False","False","True","False","False","False","1","3","3","2","1","1","20","1800","20","1000","20","1100","1800","1","1","3","2","n/a","n/a","n/a","n/a","n/a","n/a","n/a","5","1","False","False","True","False","False","False","1","n/a","False","False","True","False","False","False","n/a","n/a","n/a","n/a","n/a","n/a","n/a","n/a","n/a","n/a","n/a","n/a","n/a","n/a","n/a","n/a","n/a","n/a","n/a","n/a","n/a","n/a","n/a","n/a","n/a","n/a","n/a","n/a","n/a","n/a","n/a","n/a","n/a","n/a","n/a","n/a","n/a","n/a","n/a","n/a","n/a","n/a","n/a","1800","1200","1","False","False","True","True","False","False","n/a","n/a","n/a","n/a","1","2","n/a","2","n/a","n/a","n/a","n/a","n/a","n/a","n/a","n/a","n/a","n/a","n/a","n/a","n/a","n/a","n/a","n/a","n/a","n/a","n/a","n/a","n/a","n/a","n/a","n/a","n/a","n/a","n/a","n/a","n/a","n/a","n/a","n/a","n/a","n/a","n/a","n/a","n/a","1","2","2"
"2024-11-15","Kazo","C","MCC_30",1,"Male","6","Manager","0","0","0","0","0","1","3","2","4","2","0","2","2","0","1","2","n/a","n/a","n/a","n/a","2","2","n/a","n/a","False","False","True","False","False","False","1","3","3","3","3","3","20","2000","8","1000","12","1100","2000","1","2","3","2","n/a","n/a","n/a","n/a","n/a","n/a","n/a","5","1","False","False","True","False","False","False","1","n/a","False","False","True","False","False","False","n/a","n/a","n/a","n/a","n/a","n/a","n/a","n/a","n/a","n/a","n/a","n/a","n/a","n/a","n/a","n/a","n/a","n/a","n/a","n/a","n/a","n/a","n/a","n/a","n/a","n/a","n/a","n/a","n/a","n/a","n/a","n/a","n/a","n/a","n/a","n/a","n/a","n/a","n/a","n/a","n/a","n/a","n/a","2000","1250","1","False","False","True","False","False","False","n/a","n/a","n/a","n/a","3","1","50","2","n/a","n/a","n/a","n/a","n/a","n/a","n/a","n/a","n/a","n/a","n/a","n/a","n/a","n/a","n/a","n/a","n/a","n/a","n/a","n/a","n/a","n/a","n/a","n/a","n/a","n/a","n/a","n/a","n/a","n/a","n/a","n/a","n/a","n/a","2","n/a","n/a","1","2","2"
"2024-11-15","Kiruhura","T","MCC_553",1,"Male","5","Manager","1","0","0","0","0","1","1","1","2","2","0","1","2","0","3","1","1","2","2","n/a","2","1","1","3","False","False","True","True","False","False","1","3","3","3","1","1","10","2500","6","1200","10","1200","2300","1","2","2","2","n/a","n/a","n/a","n/a","n/a","n/a","n/a","5","1","False","True","False","False","False","False","1","n/a","False","True","False","False","False","False","True","False","False","False","False","False","False","False","False","n/a","n/a","n/a","n/a","n/a","n/a","n/a","n/a","n/a","n/a","n/a","n/a","n/a","n/a","n/a","n/a","n/a","2300","999","1","False","True","True","False","False","False","n/a","n/a","2","4","1","2","n/a","2","n/a","n/a","n/a","n/a","n/a","n/a","n/a","n/a","n/a","n/a","n/a","n/a","n/a","n/a","n/a","n/a","n/a","n/a","n/a","n/a","n/a","n/a","n/a","n/a","n/a","n/a","n/a","n/a","n/a","n/a","n/a","n/a","n/a","n/a","n/a","n/a","n/a","n/a","n/a","n/a","n/a","n/a","n/a","n/a","n/a","n/a","n/a","n/a","n/a","n/a","n/a","n/a","n/a","n/a","1","2","2"
"2024-11-15","Kazo","C","MCC_701",1,"Female","4","Manager","0","0","0","0","0","1","1","3","2","1","0","1","2","0","1","2","n/a","n/a","n/a","n/a","2","2","n/a","n/a","False","False","True","False","False","False","1","1","1","1","1","1","70","2500","70","1800","70","1100","2000","1","2","3","2","n/a","n/a","n/a","n/a","n/a","n/a","n/a","5","1","False","False","True","False","False","False","1","n/a","False","False","True","False","False","False","n/a","n/a","n/a","n/a","n/a","n/a","n/a","n/a","n/a","n/a","n/a","n/a","n/a","n/a","n/a","n/a","n/a","n/a","n/a","n/a","n/a","n/a","n/a","n/a","n/a","n/a","n/a","n/a","n/a","n/a","n/a","n/a","n/a","n/a","n/a","n/a","n/a","n/a","n/a","n/a","n/a","n/a","n/a","5000","1170","1","False","False","True","True","False","False","n/a","n/a","n/a","n/a","3","2","n/a","1","n/a","n/a","n/a","n/a","n/a","n/a","n/a","n/a","n/a","n/a","n/a","n/a","n/a","n/a","n/a","n/a","n/a","n/a","n/a","n/a","n/a","n/a","n/a","n/a","n/a","n/a","n/a","n/a","n/a","n/a","n/a","n/a","n/a","n/a","n/a","n/a","n/a","1","2","2"
"2024-11-15","Kiruhura","T","MCC_610",1,"Female","5","Manager","1","0","0","0","0","1","1","2","0","1","0","1","2","0","1","1","1","1","1","n/a","2","2","n/a","n/a","False","False","True","True","False","False","1","3","3","3","1","1","40","4000","40","2000","40","1150","2000","1","1","1","2","n/a","n/a","n/a","n/a","n/a","n/a","n/a","5","1","False","False","True","False","False","False","1","n/a","False","False","True","False","False","False","n/a","n/a","n/a","n/a","n/a","n/a","n/a","n/a","n/a","n/a","n/a","n/a","n/a","n/a","n/a","n/a","n/a","n/a","n/a","n/a","n/a","n/a","n/a","n/a","n/a","n/a","n/a","n/a","n/a","n/a","n/a","n/a","n/a","n/a","n/a","n/a","n/a","n/a","n/a","n/a","n/a","n/a","n/a","2020","1250","1","False","True","True","True","False","False","n/a","n/a","2","999","3","1","50","1","n/a","n/a","n/a","n/a","n/a","n/a","n/a","n/a","n/a","n/a","n/a","n/a","n/a","n/a","n/a","n/a","n/a","n/a","n/a","n/a","n/a","n/a","n/a","n/a","n/a","n/a","n/a","n/a","n/a","n/a","n/a","n/a","n/a","n/a","1","50","1","4","2","2"
"2024-11-16","Kiruhura","C","MCC_421",1,"Male","5","Manager","1","3","0","4","0","4","1","1","8","1","0","2","2","3","3","2","n/a","n/a","n/a","n/a","2","2","n/a","n/a","False","False","True","False","False","False","3","2","3","3","1","2","16","2100","16","1100","16","1100","1100","2","2","3","2","n/a","n/a","n/a","n/a","n/a","n/a","n/a","5","2","False","True","False","False","False","False","2","1","False","True","False","False","False","False","True","True","True","False","False","False","False","False","False","n/a","n/a","n/a","n/a","n/a","n/a","n/a","n/a","n/a","n/a","n/a","n/a","n/a","n/a","n/a","n/a","n/a","1350","1300","1","False","False","True","False","False","True","n/a","n/a","n/a","n/a","1","1","70","2","n/a","n/a","n/a","n/a","n/a","n/a","n/a","n/a","n/a","n/a","n/a","n/a","n/a","n/a","n/a","n/a","n/a","n/a","n/a","n/a","n/a","n/a","n/a","n/a","n/a","n/a","n/a","n/a","n/a","n/a","n/a","n/a","n/a","n/a","n/a","n/a","n/a","n/a","n/a","n/a","n/a","n/a","n/a","n/a","n/a","n/a","n/a","n/a","n/a","n/a","n/a","2","n/a","n/a","1","1","2"
"2024-11-16","Kiruhura","C","MCC_348",1,"Female","5","Manager","0","1","0","0","0","1","1","1","10","0","0","3","4","1","1","1","2","n/a","n/a","n/a","2","2","n/a","n/a","False","False","True","False","False","False","1","1","3","1","1","3","95","2500","95","1900","95","1100","2500","1","1","3","2","n/a","n/a","n/a","n/a","n/a","n/a","n/a","5","2","False","False","True","False","False","False","1","n/a","False","False","True","False","False","False","n/a","n/a","n/a","n/a","n/a","n/a","n/a","n/a","n/a","n/a","n/a","n/a","n/a","n/a","n/a","n/a","n/a","n/a","n/a","n/a","n/a","n/a","n/a","n/a","n/a","n/a","n/a","n/a","n/a","n/a","n/a","n/a","n/a","n/a","n/a","n/a","n/a","n/a","n/a","n/a","n/a","n/a","n/a","1200","1200","1","True","True","True","False","False","False","2","8.5","2","999","1","1","20","2","n/a","n/a","n/a","n/a","n/a","n/a","n/a","n/a","n/a","n/a","n/a","n/a","n/a","n/a","n/a","n/a","n/a","n/a","n/a","n/a","n/a","n/a","n/a","n/a","n/a","n/a","n/a","n/a","n/a","n/a","n/a","n/a","n/a","n/a","1","25","1","96","1","1"
"2024-11-16","Kiruhura","C","MCC_349",2,"n/a","n/a","n/a","n/a","n/a","n/a","n/a","n/a","n/a","n/a","n/a","n/a","n/a","n/a","n/a","n/a","n/a","n/a","n/a","n/a","n/a","n/a","n/a","n/a","n/a","n/a","n/a","n/a","n/a","n/a","n/a","n/a","n/a","n/a","n/a","n/a","n/a","n/a","n/a","n/a","n/a","n/a","n/a","n/a","n/a","n/a","n/a","n/a","n/a","n/a","n/a","n/a","n/a","n/a","n/a","n/a","n/a","n/a","n/a","n/a","n/a","n/a","n/a","n/a","n/a","n/a","n/a","n/a","n/a","n/a","n/a","n/a","n/a","n/a","n/a","n/a","n/a","n/a","n/a","n/a","n/a","n/a","n/a","n/a","n/a","n/a","n/a","n/a","n/a","n/a","n/a","n/a","n/a","n/a","n/a","n/a","n/a","n/a","n/a","n/a","n/a","n/a","n/a","n/a","n/a","n/a","n/a","n/a","n/a","n/a","n/a","n/a","n/a","n/a","n/a","n/a","n/a","n/a","n/a","n/a","n/a","n/a","n/a","n/a","n/a","n/a","n/a","n/a","n/a","n/a","n/a","n/a","n/a","n/a","n/a","n/a","n/a","n/a","n/a","n/a","n/a","n/a","n/a","n/a","n/a","n/a","n/a","n/a","n/a","n/a","n/a","n/a","n/a","n/a","n/a","n/a","n/a","n/a","n/a","n/a","n/a","n/a","n/a","n/a","n/a","n/a","n/a","n/a","n/a","n/a","n/a","n/a","n/a"
"2024-11-16","Kiruhura","C","MCC_217",1,"Male","5","Other","0","1","0","0","0","0","0","2","45","1","1","1","2","0","1","1","1","1","1","n/a","2","1","2","1","False","False","True","True","False","False","3","3","3","1","1","1","27","1300","27","700","27","1300","1300","3","1","1","1","False","False","False","True","True","True","False","5","1","False","True","False","False","False","False","1","n/a","False","True","False","False","False","False","True","False","False","False","False","False","False","False","False","n/a","n/a","n/a","n/a","n/a","n/a","n/a","n/a","n/a","n/a","n/a","n/a","n/a","n/a","n/a","n/a","n/a","1439","980","1","True","True","True","False","False","False","2","8.4","2","3.6","1","1","99","1","n/a","n/a","n/a","n/a","n/a","n/a","n/a","n/a","n/a","n/a","n/a","n/a","n/a","n/a","n/a","n/a","n/a","n/a","n/a","n/a","n/a","n/a","n/a","n/a","n/a","n/a","n/a","n/a","n/a","n/a","n/a","n/a","n/a","n/a","n/a","n/a","n/a","n/a","n/a","n/a","n/a","n/a","n/a","n/a","n/a","n/a","n/a","n/a","n/a","n/a","n/a","1","100","1","96","1","2"
"2024-11-16","Kiruhura","C","MCC_85",1,"Male","5","Manager","0","2","0","0","0","1","1","4","8","1","0","1","3","0","1","1","1","2","1","n/a","2","1","1","1","False","False","True","False","False","False","1","1","3","1","2","1","20","1200","20","500","20","1000","1200","1","1","2","1","False","True","True","True","True","True","False","5","1","False","True","False","False","False","False","1","n/a","False","True","False","False","False","False","True","False","False","False","False","False","False","False","False","n/a","n/a","n/a","n/a","n/a","n/a","n/a","n/a","n/a","n/a","n/a","n/a","n/a","n/a","n/a","n/a","n/a","2300","1300","1","True","True","True","True","True","False","2","8.7","2","3.6","3","2","n/a","1","n/a","n/a","n/a","n/a","n/a","n/a","n/a","n/a","n/a","n/a","n/a","n/a","n/a","n/a","n/a","n/a","n/a","n/a","n/a","n/a","n/a","n/a","n/a","n/a","n/a","n/a","n/a","n/a","n/a","n/a","n/a","n/a","n/a","n/a","n/a","n/a","n/a","n/a","n/a","n/a","n/a","n/a","n/a","n/a","n/a","n/a","n/a","n/a","n/a","n/a","n/a","n/a","n/a","n/a","3","1","2"
"2024-11-16","Kiruhura","C","MCC_19",1,"Female","4","Manager","0","1","0","0","0","1","1","2","16","3","0","2","8","4","1","1","1","1","1","n/a","2","1","1","1","False","False","True","False","False","False","2","1","3","1","1","1","46","3530","46","2000","46","1000","3500","1","1","1","1","True","True","True","True","True","True","False","4","1","False","True","False","False","False","False","1","n/a","False","True","False","False","False","False","True","False","False","False","False","False","False","False","False","n/a","n/a","n/a","n/a","n/a","n/a","n/a","n/a","n/a","n/a","n/a","n/a","n/a","n/a","n/a","n/a","n/a","3790","1500","2","n/a","n/a","n/a","n/a","n/a","n/a","n/a","n/a","n/a","n/a","3","2","n/a","1","n/a","n/a","n/a","n/a","n/a","n/a","n/a","n/a","n/a","n/a","n/a","n/a","n/a","n/a","n/a","n/a","n/a","n/a","n/a","n/a","n/a","n/a","n/a","n/a","n/a","n/a","n/a","n/a","n/a","n/a","n/a","n/a","n/a","n/a","n/a","n/a","n/a","n/a","n/a","n/a","n/a","n/a","n/a","n/a","n/a","n/a","n/a","n/a","n/a","n/a","n/a","n/a","n/a","n/a","3","1","2"
"2024-11-16","Kazo","C","MCC_162",1,"Male","5","Manager","0","0","0","0","0","1","1","1","5","1","0","1","2","2","1","1","2","n/a","n/a","n/a","2","2","n/a","n/a","False","False","True","False","False","False","1","3","3","1","1","3","22","1200","20","1200","22","1100","1100","1","1","3","2","n/a","n/a","n/a","n/a","n/a","n/a","n/a","5","1","True","False","False","False","False","False","1","n/a","True","False","False","False","False","False","n/a","n/a","n/a","n/a","n/a","n/a","n/a","n/a","n/a","2400","1200","1","False","False","True","True","False","False","n/a","n/a","n/a","n/a","3","2","n/a","2","n/a","n/a","n/a","n/a","n/a","n/a","n/a","n/a","n/a","n/a","n/a","n/a","n/a","n/a","n/a","n/a","n/a","n/a","n/a","n/a","n/a","n/a","n/a","n/a","n/a","n/a","n/a","n/a","n/a","n/a","n/a","n/a","n/a","n/a","n/a","n/a","n/a","n/a","n/a","n/a","n/a","n/a","n/a","n/a","n/a","n/a","n/a","n/a","n/a","n/a","n/a","n/a","n/a","n/a","n/a","n/a","n/a","n/a","n/a","n/a","n/a","n/a","n/a","n/a","n/a","n/a","n/a","n/a","n/a","n/a","n/a","1","2","2"
"2024-11-16","Kiruhura","C","MCC_544",1,"Male","5","Manager","0","0","0","0","0","1","2","1","5","2","0","1","1","0","3","2","n/a","n/a","n/a","n/a","2","2","n/a","n/a","False","False","True","False","False","False","1","3","3","1","1","1","30","2000","20","1400","23","1200","1200","1","1","3","2","n/a","n/a","n/a","n/a","n/a","n/a","n/a","3","1","False","False","True","False","False","False","98","n/a","False","False","True","False","False","False","n/a","n/a","n/a","n/a","n/a","n/a","n/a","n/a","n/a","n/a","n/a","n/a","n/a","n/a","n/a","n/a","n/a","n/a","n/a","n/a","n/a","n/a","n/a","n/a","n/a","n/a","n/a","n/a","n/a","n/a","n/a","n/a","n/a","n/a","n/a","n/a","n/a","n/a","n/a","n/a","n/a","n/a","n/a","926","1300","1","False","True","True","False","False","False","n/a","n/a","2","3.7","3","2","n/a","1","n/a","n/a","n/a","n/a","n/a","n/a","n/a","n/a","n/a","n/a","n/a","n/a","n/a","n/a","n/a","n/a","n/a","n/a","n/a","n/a","n/a","n/a","n/a","n/a","n/a","n/a","n/a","n/a","n/a","n/a","n/a","n/a","n/a","n/a","n/a","n/a","n/a","96","2","2"
"2024-11-16","Mbarara","C","MCC_75",1,"Male","3","Manager","1","0","0","0","0","1","1","1","7","1","0","1","1","1","4","2","n/a","n/a","n/a","n/a","2","2","n/a","n/a","False","False","True","False","False","False","1","1","3","3","2","3","32","500","28","350","31","1000","520","1","2","3","2","n/a","n/a","n/a","n/a","n/a","n/a","n/a","4","2","True","False","False","False","False","False","1","n/a","True","False","False","False","False","False","n/a","n/a","n/a","n/a","n/a","n/a","n/a","n/a","n/a","446","1250","1","True","True","True","False","False","False","1","8.5","1","3.8","1","2","n/a","2","n/a","n/a","n/a","n/a","n/a","n/a","n/a","n/a","n/a","n/a","n/a","n/a","n/a","n/a","n/a","n/a","n/a","n/a","n/a","n/a","n/a","n/a","n/a","n/a","n/a","n/a","n/a","n/a","n/a","n/a","n/a","n/a","n/a","n/a","n/a","n/a","n/a","n/a","n/a","n/a","n/a","n/a","n/a","n/a","n/a","n/a","n/a","n/a","n/a","n/a","n/a","n/a","n/a","n/a","n/a","n/a","n/a","n/a","n/a","n/a","n/a","n/a","n/a","n/a","n/a","n/a","n/a","n/a","n/a","n/a","n/a","1","2","2"
"2024-11-17","Kiruhura","C","MCC_282",1,"Male","6","Manager","2","3","0","0","0","1","2","4","20","4","0","3","8","2","1","2","n/a","n/a","n/a","n/a","2","2","n/a","n/a","False","False","True","False","True","False","1","3","3","2","1","1","130","5000","130","2000","130","1050","5000","1","1","1","2","n/a","n/a","n/a","n/a","n/a","n/a","n/a","3","1","False","False","True","False","False","False","1","n/a","False","False","True","False","False","False","n/a","n/a","n/a","n/a","n/a","n/a","n/a","n/a","n/a","n/a","n/a","n/a","n/a","n/a","n/a","n/a","n/a","n/a","n/a","n/a","n/a","n/a","n/a","n/a","n/a","n/a","n/a","n/a","n/a","n/a","n/a","n/a","n/a","n/a","n/a","n/a","n/a","n/a","n/a","n/a","n/a","n/a","n/a","5000","1200","1","True","True","True","False","False","False","2","8.3","2","999","1","2","n/a","1","n/a","n/a","n/a","n/a","n/a","n/a","n/a","n/a","n/a","n/a","n/a","n/a","n/a","n/a","n/a","n/a","n/a","n/a","n/a","n/a","n/a","n/a","n/a","n/a","n/a","n/a","n/a","n/a","n/a","n/a","n/a","n/a","n/a","n/a","n/a","n/a","n/a","3","1","2"
"2024-11-16","Kazo","C","MCC_161",1,"Male","6","Manager","0","0","0","0","0","1","1","12","0","2","0","1","3","0","3","2","n/a","n/a","n/a","n/a","2","2","n/a","n/a","False","False","True","False","False","False","2","3","3","3","1","1","45","2000","45","1600","40","1200","2000","1","1","3","2","n/a","n/a","n/a","n/a","n/a","n/a","n/a","5","1","False","False","True","False","False","False","2","1","False","False","True","False","False","False","n/a","n/a","n/a","n/a","n/a","n/a","n/a","n/a","n/a","n/a","n/a","n/a","n/a","n/a","n/a","n/a","n/a","n/a","n/a","n/a","n/a","n/a","n/a","n/a","n/a","n/a","n/a","n/a","n/a","n/a","n/a","n/a","n/a","n/a","n/a","n/a","n/a","n/a","n/a","n/a","n/a","n/a","n/a","2000","1250","1","False","True","True","False","False","False","n/a","n/a","1","3.7","3","2","n/a","2","n/a","n/a","n/a","n/a","n/a","n/a","n/a","n/a","n/a","n/a","n/a","n/a","n/a","n/a","n/a","n/a","n/a","n/a","n/a","n/a","n/a","n/a","n/a","n/a","n/a","n/a","n/a","n/a","n/a","n/a","n/a","n/a","n/a","n/a","n/a","n/a","n/a","1","2","2"
"2024-11-16","Kazo","T","MCC_26",1,"Male","5","Manager","0","0","0","0","0","1","2","10","8","2","0","1","4","1","1","1","2","n/a","n/a","n/a","1","2","n/a","n/a","False","False","True","False","True","False","1","3","3","1","1","1","97","5000","70","3500","99","1100","5000","1","2","3","2","n/a","n/a","n/a","n/a","n/a","n/a","n/a","5","1","False","True","False","False","False","False","1","n/a","False","True","False","False","False","False","False","False","False","False","False","False","False","False","True","n/a","n/a","n/a","n/a","n/a","n/a","n/a","n/a","n/a","n/a","n/a","n/a","n/a","n/a","n/a","n/a","n/a","4300","1200","1","False","False","True","False","False","False","n/a","n/a","n/a","n/a","3","2","n/a","2","n/a","n/a","n/a","n/a","n/a","n/a","n/a","n/a","n/a","n/a","n/a","n/a","n/a","n/a","n/a","n/a","n/a","n/a","n/a","n/a","n/a","n/a","n/a","n/a","n/a","n/a","n/a","n/a","n/a","n/a","n/a","n/a","n/a","n/a","n/a","n/a","n/a","n/a","n/a","n/a","n/a","n/a","n/a","n/a","n/a","n/a","n/a","n/a","n/a","n/a","n/a","n/a","n/a","n/a","1","2","2"
"2024-11-16","Kazo","T","MCC_92",1,"Male","2","Other","0","2","0","0","0","1","2","3","9","1","0","1","4","4","1","2","n/a","n/a","n/a","n/a","2","2","n/a","n/a","False","False","True","False","True","False","1","1","3","1","1","3","15","1800","15","1400","15","1100","1800","1","2","3","2","n/a","n/a","n/a","n/a","n/a","n/a","n/a","5","1","False","False","True","False","False","False","1","n/a","False","False","True","False","False","False","n/a","n/a","n/a","n/a","n/a","n/a","n/a","n/a","n/a","n/a","n/a","n/a","n/a","n/a","n/a","n/a","n/a","n/a","n/a","n/a","n/a","n/a","n/a","n/a","n/a","n/a","n/a","n/a","n/a","n/a","n/a","n/a","n/a","n/a","n/a","n/a","n/a","n/a","n/a","n/a","n/a","n/a","n/a","4000","1250","1","False","False","True","False","False","True","n/a","n/a","n/a","n/a","3","2","n/a","2","n/a","n/a","n/a","n/a","n/a","n/a","n/a","n/a","n/a","n/a","n/a","n/a","n/a","n/a","n/a","n/a","n/a","n/a","n/a","n/a","n/a","n/a","n/a","n/a","n/a","n/a","n/a","n/a","n/a","n/a","n/a","n/a","n/a","n/a","n/a","n/a","n/a","96","1","1"
"2024-11-17","Kazo","T","MCC_356",1,"Male","5","Manager","1","0","0","0","0","1","1","1","1","3","0","1","2","4","3","1","1","1","1","n/a","2","1","1","1","False","False","True","False","False","False","1","3","3","1","3","3","60","1700","60","1700","60","1050","1700","1","3","1","2","n/a","n/a","n/a","n/a","n/a","n/a","n/a","5","1","False","False","True","False","False","False","1","n/a","False","False","True","False","False","False","n/a","n/a","n/a","n/a","n/a","n/a","n/a","n/a","n/a","n/a","n/a","n/a","n/a","n/a","n/a","n/a","n/a","n/a","n/a","n/a","n/a","n/a","n/a","n/a","n/a","n/a","n/a","n/a","n/a","n/a","n/a","n/a","n/a","n/a","n/a","n/a","n/a","n/a","n/a","n/a","n/a","n/a","n/a","1650","1065","1","False","True","True","False","False","False","n/a","n/a","2","3.9","1","2","n/a","2","n/a","n/a","n/a","n/a","n/a","n/a","n/a","n/a","n/a","n/a","n/a","n/a","n/a","n/a","n/a","n/a","n/a","n/a","n/a","n/a","n/a","n/a","n/a","n/a","n/a","n/a","n/a","n/a","n/a","n/a","n/a","n/a","n/a","n/a","n/a","n/a","n/a","96","2","2"
"2024-11-17","Kazo","T","MCC_224",1,"Male","5","Other","0","2","0","0","0","1","1","1","4","2","0","1","2","1","3","1","1","2","1","n/a","2","1","1","2","False","False","True","True","False","False","2","3","3","1","1","2","51","1100","35","950","51","1050","1100","2","2","2","2","n/a","n/a","n/a","n/a","n/a","n/a","n/a","5","1","False","False","True","False","False","False","2","1","False","False","True","False","False","False","n/a","n/a","n/a","n/a","n/a","n/a","n/a","n/a","n/a","n/a","n/a","n/a","n/a","n/a","n/a","n/a","n/a","n/a","n/a","n/a","n/a","n/a","n/a","n/a","n/a","n/a","n/a","n/a","n/a","n/a","n/a","n/a","n/a","n/a","n/a","n/a","n/a","n/a","n/a","n/a","n/a","n/a","n/a","1100","1100","2","n/a","n/a","n/a","n/a","n/a","n/a","n/a","n/a","n/a","n/a","1","2","n/a","2","n/a","n/a","n/a","n/a","n/a","n/a","n/a","n/a","n/a","n/a","n/a","n/a","n/a","n/a","n/a","n/a","n/a","n/a","n/a","n/a","n/a","n/a","n/a","n/a","n/a","n/a","n/a","n/a","n/a","n/a","n/a","n/a","n/a","n/a","n/a","n/a","n/a","1","2","2"
"2024-11-17","Kiruhura","T","MCC_148",1,"Male","5","Manager","0","0","1","0","0","1","2","2","2","1","0","1","3","1","1","1","1","2","1","n/a","1","1","1","2","False","False","True","False","False","True","1","1","3","3","1","3","38","2500","35","1500","38","1100","1800","1","1","2","2","n/a","n/a","n/a","n/a","n/a","n/a","n/a","5","2","False","True","False","False","False","False","2","6","False","True","False","False","False","False","False","False","False","False","False","True","False","False","False","n/a","n/a","n/a","n/a","n/a","n/a","n/a","n/a","n/a","n/a","n/a","n/a","n/a","n/a","n/a","n/a","n/a","5700","1330","1","True","True","True","False","True","False","2","8.9","2","4.2","3","2","n/a","1","n/a","n/a","n/a","n/a","n/a","n/a","n/a","n/a","n/a","n/a","n/a","n/a","n/a","n/a","n/a","n/a","n/a","n/a","n/a","n/a","n/a","n/a","n/a","n/a","n/a","n/a","n/a","n/a","n/a","n/a","n/a","n/a","n/a","n/a","n/a","n/a","n/a","n/a","n/a","n/a","n/a","n/a","n/a","n/a","n/a","n/a","n/a","n/a","n/a","n/a","n/a","n/a","n/a","n/a","1","2","2"
"2024-11-17","Kazo","C","MCC_227",1,"Male","6","Manager","0","1","0","0","0","1","1","1","1","2","0","2","2","0","3","2","n/a","n/a","n/a","n/a","2","2","n/a","n/a","False","True","False","False","False","False","3","2","3","3","2","2","32","2600","30","1800","32","1150","2600","1","3","3","2","n/a","n/a","n/a","n/a","n/a","n/a","n/a","5","1","False","False","True","False","False","False","1","n/a","False","False","True","False","False","False","n/a","n/a","n/a","n/a","n/a","n/a","n/a","n/a","n/a","n/a","n/a","n/a","n/a","n/a","n/a","n/a","n/a","n/a","n/a","n/a","n/a","n/a","n/a","n/a","n/a","n/a","n/a","n/a","n/a","n/a","n/a","n/a","n/a","n/a","n/a","n/a","n/a","n/a","n/a","n/a","n/a","n/a","n/a","2700","1250","1","False","False","True","True","False","False","n/a","n/a","n/a","n/a","1","1","50","1","n/a","n/a","n/a","n/a","n/a","n/a","n/a","n/a","n/a","n/a","n/a","n/a","n/a","n/a","n/a","n/a","n/a","n/a","n/a","n/a","n/a","n/a","n/a","n/a","n/a","n/a","n/a","n/a","n/a","n/a","n/a","n/a","n/a","n/a","1","25","1","1","2","2"
"2024-11-17","Kazo","C","MCC_95",1,"Male","3","Manager","1","1","0","0","0","1","1","1","6","1","0","1","2","0","3","2","n/a","n/a","n/a","n/a","2","2","n/a","n/a","False","False","True","False","False","False","1","3","3","3","3","3","20","1200","15","700","15","900","900","2","2","3","2","n/a","n/a","n/a","n/a","n/a","n/a","n/a","5","2","True","True","True","False","False","False","2","3","True","False","False","False","False","False","n/a","n/a","n/a","n/a","n/a","n/a","n/a","n/a","n/a","1200","1000","2","n/a","n/a","n/a","n/a","n/a","n/a","n/a","n/a","n/a","n/a","2","2","n/a","2","n/a","n/a","n/a","n/a","n/a","n/a","n/a","n/a","n/a","n/a","n/a","n/a","n/a","n/a","n/a","n/a","n/a","n/a","n/a","n/a","n/a","n/a","n/a","n/a","n/a","n/a","n/a","n/a","n/a","n/a","n/a","n/a","n/a","n/a","n/a","n/a","n/a","n/a","n/a","n/a","n/a","n/a","n/a","n/a","n/a","n/a","n/a","n/a","n/a","n/a","n/a","n/a","n/a","n/a","n/a","n/a","n/a","n/a","n/a","n/a","n/a","n/a","n/a","n/a","n/a","n/a","n/a","n/a","n/a","n/a","n/a","3","2","2"
"2024-11-18","Kiruhura","T","MCC_216",1,"Female","6","Manager","1","3","0","0","0","1","1","2","16","2","0","2","2","3","3","1","1","1","1","n/a","1","1","1","1","False","False","True","False","False","False","1","3","3","1","1","1","41","2700","41","1500","41","1100","2700","1","1","1","1","True","True","True","False","True","False","False","1","1","False","True","False","False","False","False","1","n/a","False","True","False","False","False","False","False","False","True","False","False","False","False","False","False","n/a","n/a","n/a","n/a","n/a","n/a","n/a","n/a","n/a","n/a","n/a","n/a","n/a","n/a","n/a","n/a","n/a","2700","1200","1","True","True","True","False","False","False","2","8.6","2","4.4","1","2","n/a","1","n/a","n/a","n/a","n/a","n/a","n/a","n/a","n/a","n/a","n/a","n/a","n/a","n/a","n/a","n/a","n/a","n/a","n/a","n/a","n/a","n/a","n/a","n/a","n/a","n/a","n/a","n/a","n/a","n/a","n/a","n/a","n/a","n/a","n/a","n/a","n/a","n/a","n/a","n/a","n/a","n/a","n/a","n/a","n/a","n/a","n/a","n/a","n/a","n/a","n/a","n/a","n/a","n/a","n/a","96","1","1"
"2024-11-18","Kiruhura","C","MCC_151",1,"Male","5","Manager","0","0","0","0","0","1","1","2","30","1","0","1","4","0","1","2","n/a","n/a","n/a","n/a","2","2","n/a","n/a","False","True","False","False","False","False","1","3","3","3","1","1","62","1000","42","550","48","1050","900","1","2","3","2","n/a","n/a","n/a","n/a","n/a","n/a","n/a","4","1","True","False","False","False","False","False","1","n/a","True","False","False","False","False","False","n/a","n/a","n/a","n/a","n/a","n/a","n/a","n/a","n/a","1000","1120","1","False","False","True","True","False","False","n/a","n/a","n/a","n/a","3","2","n/a","2","n/a","n/a","n/a","n/a","n/a","n/a","n/a","n/a","n/a","n/a","n/a","n/a","n/a","n/a","n/a","n/a","n/a","n/a","n/a","n/a","n/a","n/a","n/a","n/a","n/a","n/a","n/a","n/a","n/a","n/a","n/a","n/a","n/a","n/a","n/a","n/a","n/a","n/a","n/a","n/a","n/a","n/a","n/a","n/a","n/a","n/a","n/a","n/a","n/a","n/a","n/a","n/a","n/a","n/a","n/a","n/a","n/a","n/a","n/a","n/a","n/a","n/a","n/a","n/a","n/a","n/a","n/a","n/a","n/a","n/a","n/a","4","1","2"
"2024-11-18","Kiruhura","C","MCC_283",1,"Male","6","Manager","0","0","0","0","0","1","1","2","6","2","0","1","2","6","1","2","n/a","n/a","n/a","n/a","2","2","n/a","n/a","False","True","False","False","False","False","1","1","3","1","2","2","50","2500","30","1200","50","1100","2000","1","2","3","2","n/a","n/a","n/a","n/a","n/a","n/a","n/a","5","1","False","False","True","False","False","False","1","n/a","False","False","True","False","False","False","n/a","n/a","n/a","n/a","n/a","n/a","n/a","n/a","n/a","n/a","n/a","n/a","n/a","n/a","n/a","n/a","n/a","n/a","n/a","n/a","n/a","n/a","n/a","n/a","n/a","n/a","n/a","n/a","n/a","n/a","n/a","n/a","n/a","n/a","n/a","n/a","n/a","n/a","n/a","n/a","n/a","n/a","n/a","2000","1200","1","False","True","True","False","False","False","n/a","n/a","1","3.7","1","2","n/a","2","n/a","n/a","n/a","n/a","n/a","n/a","n/a","n/a","n/a","n/a","n/a","n/a","n/a","n/a","n/a","n/a","n/a","n/a","n/a","n/a","n/a","n/a","n/a","n/a","n/a","n/a","n/a","n/a","n/a","n/a","n/a","n/a","n/a","n/a","n/a","n/a","n/a","3","2","2"
"2024-11-17","Mbarara","C","MCC_6",1,"Male","6","Chairman","0","0","0","0","0","1","1","2","12","1","0","1","2","2","2","2","n/a","n/a","n/a","n/a","2","2","n/a","n/a","False","False","True","False","False","False","1","1","3","1","1","1","33","500","32","300","32","1100","600","1","1","3","2","n/a","n/a","n/a","n/a","n/a","n/a","n/a","5","2","True","False","False","False","False","False","1","n/a","True","False","False","False","False","False","n/a","n/a","n/a","n/a","n/a","n/a","n/a","n/a","n/a","300","1250","1","False","False","True","False","False","True","n/a","n/a","n/a","n/a","1","2","n/a","1","n/a","n/a","n/a","n/a","n/a","n/a","n/a","n/a","n/a","n/a","n/a","n/a","n/a","n/a","n/a","n/a","n/a","n/a","n/a","n/a","n/a","n/a","n/a","n/a","n/a","n/a","n/a","n/a","n/a","n/a","n/a","n/a","n/a","n/a","n/a","n/a","n/a","n/a","n/a","n/a","n/a","n/a","n/a","n/a","n/a","n/a","n/a","n/a","n/a","n/a","n/a","n/a","n/a","n/a","n/a","n/a","n/a","n/a","n/a","n/a","n/a","n/a","n/a","n/a","n/a","n/a","n/a","n/a","n/a","n/a","n/a","1","2","2"
"2024-11-18","Kiruhura","T","MCC_82",1,"Male","3","Other","1","0","0","0","0","1","2","1","12","2","0","1","7","2","1","2","n/a","n/a","n/a","n/a","2","2","n/a","n/a","False","False","True","False","False","False","1","1","3","3","1","1","50","5000","50","2400","50","1000","2300","1","1","3","2","n/a","n/a","n/a","n/a","n/a","n/a","n/a","5","2","False","False","True","False","False","False","2","1","False","False","True","False","False","False","n/a","n/a","n/a","n/a","n/a","n/a","n/a","n/a","n/a","n/a","n/a","n/a","n/a","n/a","n/a","n/a","n/a","n/a","n/a","n/a","n/a","n/a","n/a","n/a","n/a","n/a","n/a","n/a","n/a","n/a","n/a","n/a","n/a","n/a","n/a","n/a","n/a","n/a","n/a","n/a","n/a","n/a","n/a","3250","1150","1","False","False","True","False","False","False","n/a","n/a","n/a","n/a","3","2","n/a","2","n/a","n/a","n/a","n/a","n/a","n/a","n/a","n/a","n/a","n/a","n/a","n/a","n/a","n/a","n/a","n/a","n/a","n/a","n/a","n/a","n/a","n/a","n/a","n/a","n/a","n/a","n/a","n/a","n/a","n/a","n/a","n/a","n/a","n/a","n/a","n/a","n/a","1","2","2"
"2024-11-19","Kiruhura","T","MCC_280",1,"Male","6","Manager","1","1","0","0","0","1","1","1","10","0","0","1","3","0","3","1","1","2","2","n/a","2","1","1","2","False","False","True","False","True","False","2","2","3","2","1","3","65","2750","50","1650","60","1120","1800","1","2","2","2","n/a","n/a","n/a","n/a","n/a","n/a","n/a","5","1","False","False","True","False","False","False","2","3","False","False","True","False","False","False","n/a","n/a","n/a","n/a","n/a","n/a","n/a","n/a","n/a","n/a","n/a","n/a","n/a","n/a","n/a","n/a","n/a","n/a","n/a","n/a","n/a","n/a","n/a","n/a","n/a","n/a","n/a","n/a","n/a","n/a","n/a","n/a","n/a","n/a","n/a","n/a","n/a","n/a","n/a","n/a","n/a","n/a","n/a","1612","1200","1","False","True","True","False","False","False","n/a","n/a","2","999","3","2","n/a","2","n/a","n/a","n/a","n/a","n/a","n/a","n/a","n/a","n/a","n/a","n/a","n/a","n/a","n/a","n/a","n/a","n/a","n/a","n/a","n/a","n/a","n/a","n/a","n/a","n/a","n/a","n/a","n/a","n/a","n/a","n/a","n/a","n/a","n/a","n/a","n/a","n/a","1","1","2"
"2024-11-18","Kazo","T","MCC_488",1,"Male","4","Other","1","0","0","0","0","1","2","1","5","0","0","1","3","0","3","1","1","3","3","No availability  of electricity  wo we be reducing  on the  consumption  of fuel","2","1","1","5","False","False","True","False","False","False","1","1","3","1","3","3","16","800","14","500","16","1100","850","1","2","3","2","n/a","n/a","n/a","n/a","n/a","n/a","n/a","5","1","False","False","True","False","False","False","98","n/a","False","False","True","False","False","False","n/a","n/a","n/a","n/a","n/a","n/a","n/a","n/a","n/a","n/a","n/a","n/a","n/a","n/a","n/a","n/a","n/a","n/a","n/a","n/a","n/a","n/a","n/a","n/a","n/a","n/a","n/a","n/a","n/a","n/a","n/a","n/a","n/a","n/a","n/a","n/a","n/a","n/a","n/a","n/a","n/a","n/a","n/a","1837","1300","1","False","False","True","False","False","True","n/a","n/a","n/a","n/a","1","2","n/a","2","n/a","n/a","n/a","n/a","n/a","n/a","n/a","n/a","n/a","n/a","n/a","n/a","n/a","n/a","n/a","n/a","n/a","n/a","n/a","n/a","n/a","n/a","n/a","n/a","n/a","n/a","n/a","n/a","n/a","n/a","n/a","n/a","n/a","n/a","n/a","n/a","n/a","1","1","1"
"2024-11-18","Kazo","T","MCC_422",1,"Male","3","Chairman","0","2","0","0","0","1","1","3","10","1","0","1","3","0","3","1","1","1","1","n/a","2","1","1","5","False","False","True","False","False","False","1","2","3","1","1","3","60","920","60","600","60","950","950","1","1","2","2","n/a","n/a","n/a","n/a","n/a","n/a","n/a","5","2","False","False","True","False","False","False","2","6","False","False","True","False","False","False","n/a","n/a","n/a","n/a","n/a","n/a","n/a","n/a","n/a","n/a","n/a","n/a","n/a","n/a","n/a","n/a","n/a","n/a","n/a","n/a","n/a","n/a","n/a","n/a","n/a","n/a","n/a","n/a","n/a","n/a","n/a","n/a","n/a","n/a","n/a","n/a","n/a","n/a","n/a","n/a","n/a","n/a","n/a","2092","1100","1","False","False","True","False","False","True","n/a","n/a","n/a","n/a","1","2","n/a","2","n/a","n/a","n/a","n/a","n/a","n/a","n/a","n/a","n/a","n/a","n/a","n/a","n/a","n/a","n/a","n/a","n/a","n/a","n/a","n/a","n/a","n/a","n/a","n/a","n/a","n/a","n/a","n/a","n/a","n/a","n/a","n/a","n/a","n/a","n/a","n/a","n/a","96","2","2"
"2024-11-19","Kazo","T","MCC_158",1,"Male","3","Manager","0","0","0","0","0","2","2","1","6","1","0","1","3","2","1","1","1","2","3","n/a","1","1","1","5","False","False","True","True","False","False","3","3","3","3","1","3","60","2200","50","1700","60","1050","2100","2","3","2","2","n/a","n/a","n/a","n/a","n/a","n/a","n/a","5","1","False","False","True","False","False","False","1","n/a","False","False","True","False","False","False","n/a","n/a","n/a","n/a","n/a","n/a","n/a","n/a","n/a","n/a","n/a","n/a","n/a","n/a","n/a","n/a","n/a","n/a","n/a","n/a","n/a","n/a","n/a","n/a","n/a","n/a","n/a","n/a","n/a","n/a","n/a","n/a","n/a","n/a","n/a","n/a","n/a","n/a","n/a","n/a","n/a","n/a","n/a","2143","1065","1","False","False","True","False","False","False","n/a","n/a","n/a","n/a","1","2","n/a","2","n/a","n/a","n/a","n/a","n/a","n/a","n/a","n/a","n/a","n/a","n/a","n/a","n/a","n/a","n/a","n/a","n/a","n/a","n/a","n/a","n/a","n/a","n/a","n/a","n/a","n/a","n/a","n/a","n/a","n/a","n/a","n/a","n/a","n/a","n/a","n/a","n/a","1","2","2"
"2024-11-19","Kiruhura","T","MCC_25",1,"Female","6","Manager","1","1","0","0","0","2","2","3","1","2","1","3","4","0","1","1","1","1","1","n/a","2","1","1","1","False","False","False","True","True","False","1","1","3","2","2","3","85","5000","80","1500","85","1150","2800","1","2","2","2","n/a","n/a","n/a","n/a","n/a","n/a","n/a","5","1","False","False","True","False","False","False","1","n/a","False","False","True","False","False","False","n/a","n/a","n/a","n/a","n/a","n/a","n/a","n/a","n/a","n/a","n/a","n/a","n/a","n/a","n/a","n/a","n/a","n/a","n/a","n/a","n/a","n/a","n/a","n/a","n/a","n/a","n/a","n/a","n/a","n/a","n/a","n/a","n/a","n/a","n/a","n/a","n/a","n/a","n/a","n/a","n/a","n/a","n/a","2680","1200","1","True","True","True","False","False","False","2","8.6","2","3.8","3","2","n/a","1","n/a","n/a","n/a","n/a","n/a","n/a","n/a","n/a","n/a","n/a","n/a","n/a","n/a","n/a","n/a","n/a","n/a","n/a","n/a","n/a","n/a","n/a","n/a","n/a","n/a","n/a","n/a","n/a","n/a","n/a","n/a","n/a","n/a","n/a","n/a","n/a","n/a","1","2","2"
"2024-11-19","Kiruhura","C","MCC_91",1,"Male","5","Manager","2","0","0","0","0","1","1","2","0","2","0","4","3","0","3","2","n/a","n/a","n/a","n/a","2","2","n/a","n/a","False","False","True","False","False","False","1","1","3","3","1","1","36","3000","30","1500","36","1120","1620","1","2","3","1","True","True","False","True","False","False","False","5","1","False","False","True","False","False","False","2","3","False","False","True","False","False","False","n/a","n/a","n/a","n/a","n/a","n/a","n/a","n/a","n/a","n/a","n/a","n/a","n/a","n/a","n/a","n/a","n/a","n/a","n/a","n/a","n/a","n/a","n/a","n/a","n/a","n/a","n/a","n/a","n/a","n/a","n/a","n/a","n/a","n/a","n/a","n/a","n/a","n/a","n/a","n/a","n/a","n/a","n/a","1248","1200","1","False","True","True","False","False","False","n/a","n/a","2","3.6","1","2","n/a","2","n/a","n/a","n/a","n/a","n/a","n/a","n/a","n/a","n/a","n/a","n/a","n/a","n/a","n/a","n/a","n/a","n/a","n/a","n/a","n/a","n/a","n/a","n/a","n/a","n/a","n/a","n/a","n/a","n/a","n/a","n/a","n/a","n/a","n/a","n/a","n/a","n/a","96","1","2"
"2024-11-18","Kazo","T","MCC_29",1,"Male","4","Manager","0","0","0","0","0","0","0","1","0","1","0","1","1","0","5","2","n/a","n/a","n/a","n/a","2","2","n/a","n/a","False","False","True","False","False","False","3","3","3","3","3","3","11","700","11","500","11","1000","800","1","3","3","2","n/a","n/a","n/a","n/a","n/a","n/a","n/a","5","1","True","False","False","False","False","False","1","n/a","True","False","False","False","False","False","n/a","n/a","n/a","n/a","n/a","n/a","n/a","n/a","n/a","657","1000","1","False","False","True","False","False","False","n/a","n/a","n/a","n/a","2","2","n/a","2","n/a","n/a","n/a","n/a","n/a","n/a","n/a","n/a","n/a","n/a","n/a","n/a","n/a","n/a","n/a","n/a","n/a","n/a","n/a","n/a","n/a","n/a","n/a","n/a","n/a","n/a","n/a","n/a","n/a","n/a","n/a","n/a","n/a","n/a","n/a","n/a","n/a","n/a","n/a","n/a","n/a","n/a","n/a","n/a","n/a","n/a","n/a","n/a","n/a","n/a","n/a","n/a","n/a","n/a","n/a","n/a","n/a","n/a","n/a","n/a","n/a","n/a","n/a","n/a","n/a","n/a","n/a","n/a","n/a","n/a","n/a","1","1","2"
"2024-11-19","Kazo","T","MCC_160",1,"Male","6","Manager","0","1","0","0","0","1","1","3","12","4","0","2","3","4","3","1","1","1","1","n/a","1","1","1","2","False","False","True","False","True","False","2","2","3","2","2","2","127","3400","120","2900","127","1100","3400","1","2","2","2","n/a","n/a","n/a","n/a","n/a","n/a","n/a","5","1","False","False","True","False","False","False","1","n/a","False","False","True","False","False","False","n/a","n/a","n/a","n/a","n/a","n/a","n/a","n/a","n/a","n/a","n/a","n/a","n/a","n/a","n/a","n/a","n/a","n/a","n/a","n/a","n/a","n/a","n/a","n/a","n/a","n/a","n/a","n/a","n/a","n/a","n/a","n/a","n/a","n/a","n/a","n/a","n/a","n/a","n/a","n/a","n/a","n/a","n/a","3500","1200","2","n/a","n/a","n/a","n/a","n/a","n/a","n/a","n/a","n/a","n/a","2","2","n/a","2","n/a","n/a","n/a","n/a","n/a","n/a","n/a","n/a","n/a","n/a","n/a","n/a","n/a","n/a","n/a","n/a","n/a","n/a","n/a","n/a","n/a","n/a","n/a","n/a","n/a","n/a","n/a","n/a","n/a","n/a","n/a","n/a","n/a","n/a","n/a","n/a","n/a","3","2","2"
"2024-11-20","Kiruhura","T","MCC_157",1,"Female","5","Manager","2","0","0","0","0","3","3","4","1","5","0","8","6","0","1","1","1","1","1","n/a","1","1","1","1","False","False","True","True","True","False","1","1","3","3","2","1","119","9900","119","6500","119","1100","9900","1","1","1","2","n/a","n/a","n/a","n/a","n/a","n/a","n/a","5","1","False","False","True","False","False","False","98","n/a","False","False","True","False","False","False","n/a","n/a","n/a","n/a","n/a","n/a","n/a","n/a","n/a","n/a","n/a","n/a","n/a","n/a","n/a","n/a","n/a","n/a","n/a","n/a","n/a","n/a","n/a","n/a","n/a","n/a","n/a","n/a","n/a","n/a","n/a","n/a","n/a","n/a","n/a","n/a","n/a","n/a","n/a","n/a","n/a","n/a","n/a","9900","1200","1","True","True","True","False","False","False","2","8.6","2","3.7","1","2","n/a","2","n/a","n/a","n/a","n/a","n/a","n/a","n/a","n/a","n/a","n/a","n/a","n/a","n/a","n/a","n/a","n/a","n/a","n/a","n/a","n/a","n/a","n/a","n/a","n/a","n/a","n/a","n/a","n/a","n/a","n/a","n/a","n/a","n/a","n/a","n/a","n/a","n/a","4","1","2"
"2024-11-19","Kazo","T","MCC_226",1,"Male","4","Chairman","1","0","0","0","0","1","1","6","40","2","0","2","8","0","3","1","1","1","2","n/a","1","1","1","2","False","False","True","True","False","False","1","3","3","1","3","3","130","3500","80","2500","100","1100","2700","1","2","2","2","n/a","n/a","n/a","n/a","n/a","n/a","n/a","5","1","True","False","False","False","False","False","1","n/a","True","False","False","False","False","False","n/a","n/a","n/a","n/a","n/a","n/a","n/a","n/a","n/a","2808","1200","1","False","False","True","False","False","False","n/a","n/a","n/a","n/a","1","2","n/a","1","n/a","n/a","n/a","n/a","n/a","n/a","n/a","n/a","n/a","n/a","n/a","n/a","n/a","n/a","n/a","n/a","n/a","n/a","n/a","n/a","n/a","n/a","n/a","n/a","n/a","n/a","n/a","n/a","n/a","n/a","n/a","n/a","n/a","n/a","n/a","n/a","n/a","n/a","n/a","n/a","n/a","n/a","n/a","n/a","n/a","n/a","n/a","n/a","n/a","n/a","n/a","n/a","n/a","n/a","n/a","n/a","n/a","n/a","n/a","n/a","n/a","n/a","n/a","n/a","n/a","n/a","n/a","n/a","n/a","n/a","n/a","3","2","2"
"2024-11-20","Kazo","C","MCC_232",1,"Female","6","Manager","0","1","0","0","0","1","1","1","4","2","0","2","2","1","1","2","n/a","n/a","n/a","n/a","2","2","n/a","n/a","False","False","True","False","False","False","1","1","3","2","1","3","20","1500","22","1000","18","1100","1600","1","1","3","2","n/a","n/a","n/a","n/a","n/a","n/a","n/a","5","1","False","False","True","False","False","False","1","n/a","False","False","True","False","False","False","n/a","n/a","n/a","n/a","n/a","n/a","n/a","n/a","n/a","n/a","n/a","n/a","n/a","n/a","n/a","n/a","n/a","n/a","n/a","n/a","n/a","n/a","n/a","n/a","n/a","n/a","n/a","n/a","n/a","n/a","n/a","n/a","n/a","n/a","n/a","n/a","n/a","n/a","n/a","n/a","n/a","n/a","n/a","2960","1225","1","False","False","True","True","False","False","n/a","n/a","n/a","n/a","1","2","n/a","2","n/a","n/a","n/a","n/a","n/a","n/a","n/a","n/a","n/a","n/a","n/a","n/a","n/a","n/a","n/a","n/a","n/a","n/a","n/a","n/a","n/a","n/a","n/a","n/a","n/a","n/a","n/a","n/a","n/a","n/a","n/a","n/a","n/a","n/a","n/a","n/a","n/a","3","2","2"
"2024-11-20","Kiruhura","C","MCC_80",1,"Female","6","Other","1","3","1","1","0","2","3","2","4","2","1","2","9","2","2","1","1","2","2","n/a","2","1","1","1","False","False","True","False","True","False","1","1","3","2","1","1","360","8000","360","5000","368","1100","8500","1","1","1","1","False","False","False","True","True","True","False","4","1","False","False","True","False","False","False","1","n/a","False","False","True","False","False","False","n/a","n/a","n/a","n/a","n/a","n/a","n/a","n/a","n/a","n/a","n/a","n/a","n/a","n/a","n/a","n/a","n/a","n/a","n/a","n/a","n/a","n/a","n/a","n/a","n/a","n/a","n/a","n/a","n/a","n/a","n/a","n/a","n/a","n/a","n/a","n/a","n/a","n/a","n/a","n/a","n/a","n/a","n/a","8889","1200","1","False","False","True","False","False","False","n/a","n/a","n/a","n/a","1","2","n/a","1","n/a","n/a","n/a","n/a","n/a","n/a","n/a","n/a","n/a","n/a","n/a","n/a","n/a","n/a","n/a","n/a","n/a","n/a","n/a","n/a","n/a","n/a","n/a","n/a","n/a","n/a","n/a","n/a","n/a","n/a","n/a","n/a","n/a","n/a","n/a","n/a","n/a","4","1","2"
"2024-11-18","Kazo","T","MCC_556",1,"Male","4","Manager","1","2","0","0","0","1","1","2","8","1","0","1","3","1","3","1","1","2","3","n/a","1","1","1","2","False","False","True","False","False","False","2","2","3","2","3","3","26","1150","22","1100","26","1050","1150","1","2","2","2","n/a","n/a","n/a","n/a","n/a","n/a","n/a","5","1","True","False","False","False","False","False","1","n/a","True","False","False","False","False","False","n/a","n/a","n/a","n/a","n/a","n/a","n/a","n/a","n/a","1172","1150","1","False","False","True","True","False","False","n/a","n/a","n/a","n/a","1","2","n/a","2","n/a","n/a","n/a","n/a","n/a","n/a","n/a","n/a","n/a","n/a","n/a","n/a","n/a","n/a","n/a","n/a","n/a","n/a","n/a","n/a","n/a","n/a","n/a","n/a","n/a","n/a","n/a","n/a","n/a","n/a","n/a","n/a","n/a","n/a","n/a","n/a","n/a","n/a","n/a","n/a","n/a","n/a","n/a","n/a","n/a","n/a","n/a","n/a","n/a","n/a","n/a","n/a","n/a","n/a","n/a","n/a","n/a","n/a","n/a","n/a","n/a","n/a","n/a","n/a","n/a","n/a","n/a","n/a","n/a","n/a","n/a","1","2","2"
"2024-11-21","Kiruhura","C","MCC_83",1,"Female","4","Manager","0","1","0","0","0","1","1","2","5","2","0","1","2","0","1","2","n/a","n/a","n/a","n/a","2","2","n/a","n/a","False","True","False","False","False","False","1","3","3","3","3","3","14","600","14","300","14","1330","620","1","2","3","2","n/a","n/a","n/a","n/a","n/a","n/a","n/a","5","1","True","False","False","False","False","False","1","n/a","True","False","False","False","False","False","n/a","n/a","n/a","n/a","n/a","n/a","n/a","n/a","n/a","620","1330","1","False","False","True","True","False","False","n/a","n/a","n/a","n/a","3","2","n/a","2","n/a","n/a","n/a","n/a","n/a","n/a","n/a","n/a","n/a","n/a","n/a","n/a","n/a","n/a","n/a","n/a","n/a","n/a","n/a","n/a","n/a","n/a","n/a","n/a","n/a","n/a","n/a","n/a","n/a","n/a","n/a","n/a","n/a","n/a","n/a","n/a","n/a","n/a","n/a","n/a","n/a","n/a","n/a","n/a","n/a","n/a","n/a","n/a","n/a","n/a","n/a","n/a","n/a","n/a","n/a","n/a","n/a","n/a","n/a","n/a","n/a","n/a","n/a","n/a","n/a","n/a","n/a","n/a","n/a","n/a","n/a","1","2","2"
"2024-11-21","Kiruhura","C","MCC_149",1,"Male","2","Manager","1","3","0","0","0","1","1","2","15","2","0","1","2","2","1","2","n/a","n/a","n/a","n/a","2","2","n/a","n/a","False","True","False","False","False","False","1","3","3","3","3","3","100","3000","85","1800","100","1100","3000","1","2","3","2","n/a","n/a","n/a","n/a","n/a","n/a","n/a","5","2","False","True","False","False","False","False","1","n/a","False","True","False","False","False","False","True","False","False","False","False","False","False","False","False","n/a","n/a","n/a","n/a","n/a","n/a","n/a","n/a","n/a","n/a","n/a","n/a","n/a","n/a","n/a","n/a","n/a","3000","1275","1","False","False","True","True","False","False","n/a","n/a","n/a","n/a","1","2","n/a","2","n/a","n/a","n/a","n/a","n/a","n/a","n/a","n/a","n/a","n/a","n/a","n/a","n/a","n/a","n/a","n/a","n/a","n/a","n/a","n/a","n/a","n/a","n/a","n/a","n/a","n/a","n/a","n/a","n/a","n/a","n/a","n/a","n/a","n/a","n/a","n/a","n/a","n/a","n/a","n/a","n/a","n/a","n/a","n/a","n/a","n/a","n/a","n/a","n/a","n/a","n/a","n/a","n/a","n/a","1","2","2"
"2024-11-21","Kazo","C","MCC_430",1,"Male","6","Manager","0","0","0","0","0","2","2","2","6","4","0","2","3","5","1","2","n/a","n/a","n/a","n/a","2","2","n/a","n/a","False","False","True","False","False","False","1","1","3","1","1","1","35","3800","35","2000","32","1000","4000","1","1","3","2","n/a","n/a","n/a","n/a","n/a","n/a","n/a","5","1","False","True","False","False","False","False","2","3","False","True","False","False","False","False","True","False","False","False","False","False","False","False","False","n/a","n/a","n/a","n/a","n/a","n/a","n/a","n/a","n/a","n/a","n/a","n/a","n/a","n/a","n/a","n/a","n/a","4000","1100","2","n/a","n/a","n/a","n/a","n/a","n/a","n/a","n/a","n/a","n/a","1","2","n/a","2","n/a","n/a","n/a","n/a","n/a","n/a","n/a","n/a","n/a","n/a","n/a","n/a","n/a","n/a","n/a","n/a","n/a","n/a","n/a","n/a","n/a","n/a","n/a","n/a","n/a","n/a","n/a","n/a","n/a","n/a","n/a","n/a","n/a","n/a","n/a","n/a","n/a","n/a","n/a","n/a","n/a","n/a","n/a","n/a","n/a","n/a","n/a","n/a","n/a","n/a","n/a","n/a","n/a","n/a","4","1","2"
"2024-11-21","Kazo","C","MCC_364",1,"Male","6","Manager","0","0","0","0","0","1","1","1","0","1","0","2","2","2","3","2","n/a","n/a","n/a","n/a","2","2","n/a","n/a","False","False","True","False","False","False","3","3","3","3","3","3","1","3000","1","1000","1","1200","3100","1","1","3","2","n/a","n/a","n/a","n/a","n/a","n/a","n/a","5","1","False","True","False","False","False","False","1","n/a","False","True","True","False","False","False","False","False","False","True","False","False","False","False","False","n/a","n/a","n/a","n/a","n/a","n/a","n/a","n/a","n/a","n/a","n/a","n/a","n/a","n/a","n/a","n/a","n/a","7000","1300","1","True","True","True","True","False","False","96","8","96","3","1","1","50","2","4000","1300","1","False","False","True","True","False","False","n/a","n/a","n/a","n/a","2","2","n/a","2","n/a","n/a","n/a","n/a","n/a","n/a","n/a","n/a","n/a","n/a","n/a","n/a","n/a","n/a","n/a","n/a","n/a","n/a","n/a","n/a","n/a","n/a","n/a","n/a","n/a","n/a","n/a","n/a","n/a","n/a","n/a","n/a","n/a","n/a","1","50","3","1","2","2"
"2024-11-21","Kiruhura","T","MCC_612",1,"Female","5","Manager","1","1","0","1","0","1","3","2","40","2","0","1","3","4","1","1","1","2","1","n/a","2","1","1","1","False","False","True","True","False","False","1","1","3","1","1","1","19","3000","19","2000","17","1100","2500","2","2","2","2","n/a","n/a","n/a","n/a","n/a","n/a","n/a","5","1","True","False","False","False","False","False","2","3","True","False","False","False","False","False","n/a","n/a","n/a","n/a","n/a","n/a","n/a","n/a","n/a","2965","1150","1","False","True","True","False","False","False","n/a","n/a","2","3.5","1","2","n/a","2","n/a","n/a","n/a","n/a","n/a","n/a","n/a","n/a","n/a","n/a","n/a","n/a","n/a","n/a","n/a","n/a","n/a","n/a","n/a","n/a","n/a","n/a","n/a","n/a","n/a","n/a","n/a","n/a","n/a","n/a","n/a","n/a","n/a","n/a","n/a","n/a","n/a","n/a","n/a","n/a","n/a","n/a","n/a","n/a","n/a","n/a","n/a","n/a","n/a","n/a","n/a","n/a","n/a","n/a","n/a","n/a","n/a","n/a","n/a","n/a","n/a","n/a","n/a","n/a","n/a","n/a","n/a","n/a","n/a","n/a","n/a","96","2","2"
"2024-11-22","Kazo","T","MCC_496",1,"Male","5","Manager","0","2","0","1","0","2","2","2","30","3","1","2","3","1","1","1","1","1","1","n/a","1","1","1","2","False","False","True","False","False","False","2","2","2","2","3","3","26","2400","20","1400","26","1000","2400","1","1","1","1","False","True","False","False","False","False","False","5","1","False","False","True","False","False","False","1","n/a","False","False","True","False","False","False","n/a","n/a","n/a","n/a","n/a","n/a","n/a","n/a","n/a","n/a","n/a","n/a","n/a","n/a","n/a","n/a","n/a","n/a","n/a","n/a","n/a","n/a","n/a","n/a","n/a","n/a","n/a","n/a","n/a","n/a","n/a","n/a","n/a","n/a","n/a","n/a","n/a","n/a","n/a","n/a","n/a","n/a","n/a","2484","1300","1","True","True","True","True","True","False","2","8.9","2","4.7","1","1","50","1","n/a","n/a","n/a","n/a","n/a","n/a","n/a","n/a","n/a","n/a","n/a","n/a","n/a","n/a","n/a","n/a","n/a","n/a","n/a","n/a","n/a","n/a","n/a","n/a","n/a","n/a","n/a","n/a","n/a","n/a","n/a","n/a","n/a","n/a","1","10","2","1","2","2"
"2024-11-22","Kazo","C","MCC_562",1,"Male","6","Manager","0","0","0","0","0","1","1","1","25","2","0","2","2","0","1","1","1","1","1","n/a","1","1","2","1","False","False","True","False","True","True","3","3","3","3","3","3","15","1500","12","650","15","975","2000","1","1","1","1","False","True","False","True","True","False","False","5","1","False","True","False","False","False","False","1","n/a","False","True","False","False","False","False","True","False","False","False","False","False","False","False","False","n/a","n/a","n/a","n/a","n/a","n/a","n/a","n/a","n/a","n/a","n/a","n/a","n/a","n/a","n/a","n/a","n/a","2000","975","1","True","True","True","True","True","False","2","8.5","2","3.7","1","2","n/a","2","n/a","n/a","n/a","n/a","n/a","n/a","n/a","n/a","n/a","n/a","n/a","n/a","n/a","n/a","n/a","n/a","n/a","n/a","n/a","n/a","n/a","n/a","n/a","n/a","n/a","n/a","n/a","n/a","n/a","n/a","n/a","n/a","n/a","n/a","n/a","n/a","n/a","n/a","n/a","n/a","n/a","n/a","n/a","n/a","n/a","n/a","n/a","n/a","n/a","n/a","n/a","n/a","n/a","n/a","1","2","2"
"2024-11-20","Kiruhura","T","MCC_14",1,"Male","6","Manager","1","1","0","0","0","2","2","2","5","0","0","1","7","8","1","1","1","1","1","n/a","1","1","1","1","False","False","True","True","False","False","1","1","3","3","1","2","154","2700","100","1500","154","1100","2700","1","1","1","2","n/a","n/a","n/a","n/a","n/a","n/a","n/a","3","1","False","False","True","False","False","False","1","n/a","False","False","True","False","False","False","n/a","n/a","n/a","n/a","n/a","n/a","n/a","n/a","n/a","n/a","n/a","n/a","n/a","n/a","n/a","n/a","n/a","n/a","n/a","n/a","n/a","n/a","n/a","n/a","n/a","n/a","n/a","n/a","n/a","n/a","n/a","n/a","n/a","n/a","n/a","n/a","n/a","n/a","n/a","n/a","n/a","n/a","n/a","2700","1200","1","True","True","True","True","False","False","2","8.4","2","3.4","3","1","50","1","n/a","n/a","n/a","n/a","n/a","n/a","n/a","n/a","n/a","n/a","n/a","n/a","n/a","n/a","n/a","n/a","n/a","n/a","n/a","n/a","n/a","n/a","n/a","n/a","n/a","n/a","n/a","n/a","n/a","n/a","n/a","n/a","n/a","n/a","1","50","1","96","1","1"
"2024-11-20","Mbarara","T","MCC_8",1,"Male","2","Manager","1","3","0","4","0","2","2","5","80","2","0","1","4","4","1","1","1","1","1","n/a","2","1","1","2","False","False","True","False","True","False","1","1","3","1","1","3","100","8000","85","4000","100","1200","6000","1","1","2","1","False","True","False","True","True","False","False","3","1","True","False","False","True","False","False","1","n/a","True","False","False","True","False","False","n/a","n/a","n/a","n/a","n/a","n/a","n/a","n/a","n/a","6700","1200","1","True","True","False","False","False","False","2","8","2","3.8","2","2","n/a","1","n/a","n/a","n/a","n/a","n/a","n/a","n/a","n/a","n/a","n/a","n/a","n/a","n/a","n/a","n/a","n/a","n/a","n/a","n/a","n/a","n/a","n/a","n/a","n/a","n/a","n/a","n/a","n/a","n/a","n/a","n/a","n/a","n/a","n/a","200","1500","1","True","True","True","False","False","False","1","8","2","3.8","2","2","n/a","2","n/a","n/a","n/a","n/a","n/a","n/a","n/a","n/a","n/a","n/a","n/a","n/a","n/a","n/a","n/a","n/a","n/a","n/a","n/a","n/a","1","1","2"
"2024-11-23","Mbarara","C","MCC_1",1,"Male","4","Manager","1","1","0","1","0","3","3","1","42","1","1","1","7","2","1","2","n/a","n/a","n/a","n/a","2","2","n/a","n/a","False","False","True","False","False","False","1","3","3","1","2","3","65","4000","40","1900","67","1000","3000","1","1","1","2","n/a","n/a","n/a","n/a","n/a","n/a","n/a","5","1","True","True","False","False","False","False","1","n/a","True","False","False","False","False","False","n/a","n/a","n/a","n/a","n/a","n/a","n/a","n/a","n/a","2032","1200","1","True","True","False","False","False","False","1","8","1","3.6","1","1","50","1","n/a","n/a","n/a","n/a","n/a","n/a","n/a","n/a","n/a","n/a","n/a","n/a","n/a","n/a","n/a","n/a","n/a","n/a","n/a","n/a","n/a","n/a","n/a","n/a","n/a","n/a","n/a","n/a","n/a","n/a","n/a","n/a","n/a","n/a","n/a","n/a","n/a","n/a","n/a","n/a","n/a","n/a","n/a","n/a","n/a","n/a","n/a","n/a","n/a","n/a","n/a","n/a","n/a","n/a","n/a","n/a","n/a","n/a","n/a","n/a","n/a","n/a","n/a","n/a","n/a","n/a","n/a","n/a","1","10","2","1","2","2"
"2024-11-19","Kiruhura","C","MCC_87",1,"Female","6","Manager","0","0","0","0","0","1","1","3","10","1","1","1","2","2","1","1","1","1","1","n/a","2","1","2","1","False","False","True","True","False","False","3","3","3","1","1","1","30","1200","26","700","30","1100","1200","1","2","1","1","False","True","True","True","True","True","False","4","1","False","True","False","False","False","False","1","n/a","False","True","False","False","False","False","True","False","False","False","False","False","False","False","False","n/a","n/a","n/a","n/a","n/a","n/a","n/a","n/a","n/a","n/a","n/a","n/a","n/a","n/a","n/a","n/a","n/a","912","1075","1","True","True","True","True","True","False","2","8.4","1","3.6","3","1","300","1","n/a","n/a","n/a","n/a","n/a","n/a","n/a","n/a","n/a","n/a","n/a","n/a","n/a","n/a","n/a","n/a","n/a","n/a","n/a","n/a","n/a","n/a","n/a","n/a","n/a","n/a","n/a","n/a","n/a","n/a","n/a","n/a","n/a","n/a","n/a","n/a","n/a","n/a","n/a","n/a","n/a","n/a","n/a","n/a","n/a","n/a","n/a","n/a","n/a","n/a","n/a","1","20","2","3","1","2"
"2024-11-20","Kazo","C","MCC_99",1,"Male","6","Manager","0","1","0","0","0","1","1","2","30","3","0","1","2","0","1","1","1","1","1","n/a","2","1","2","1","False","False","True","True","False","False","1","3","3","1","1","3","15","1400","15","700","15","1025","1400","1","2","1","1","False","False","False","True","True","True","False","5","1","False","True","False","False","False","False","1","n/a","False","True","False","False","False","False","True","False","False","False","False","False","False","False","False","n/a","n/a","n/a","n/a","n/a","n/a","n/a","n/a","n/a","n/a","n/a","n/a","n/a","n/a","n/a","n/a","n/a","1300","1025","1","True","True","True","False","False","False","2","8.4","2","3.7","1","1","25","2","n/a","n/a","n/a","n/a","n/a","n/a","n/a","n/a","n/a","n/a","n/a","n/a","n/a","n/a","n/a","n/a","n/a","n/a","n/a","n/a","n/a","n/a","n/a","n/a","n/a","n/a","n/a","n/a","n/a","n/a","n/a","n/a","n/a","n/a","n/a","n/a","n/a","n/a","n/a","n/a","n/a","n/a","n/a","n/a","n/a","n/a","n/a","n/a","n/a","n/a","n/a","1","25","1","1","1","1"
"2024-11-21","Kazo","T","MCC_363",1,"Male","3","Manager","0","7","0","1","0","1","1","3","60","2","0","1","7","3","3","1","1","1","1","n/a","1","1","1","5","False","False","True","True","False","False","1","1","3","1","1","3","30","2000","15","1700","30","1100","2000","1","1","1","1","False","False","False","True","True","True","False","5","1","False","False","True","False","False","False","1","n/a","False","False","True","False","False","False","n/a","n/a","n/a","n/a","n/a","n/a","n/a","n/a","n/a","n/a","n/a","n/a","n/a","n/a","n/a","n/a","n/a","n/a","n/a","n/a","n/a","n/a","n/a","n/a","n/a","n/a","n/a","n/a","n/a","n/a","n/a","n/a","n/a","n/a","n/a","n/a","n/a","n/a","n/a","n/a","n/a","n/a","n/a","2100","1250","1","False","True","True","True","False","False","n/a","n/a","2","3.5","3","1","50","1","n/a","n/a","n/a","n/a","n/a","n/a","n/a","n/a","n/a","n/a","n/a","n/a","n/a","n/a","n/a","n/a","n/a","n/a","n/a","n/a","n/a","n/a","n/a","n/a","n/a","n/a","n/a","n/a","n/a","n/a","n/a","n/a","n/a","n/a","1","25","2","3","2","2"
"2024-11-21","Kazo","T","MCC_231",1,"Male","4","Manager","1","0","0","0","0","1","1","1","4","1","0","1","2","2","1","1","1","1","2","n/a","1","1","1","2","False","False","True","True","False","False","1","3","3","1","1","3","35","2000","30","1200","35","1050","1890","1","2","2","2","n/a","n/a","n/a","n/a","n/a","n/a","n/a","5","1","False","False","True","False","False","False","1","n/a","False","False","True","False","False","False","n/a","n/a","n/a","n/a","n/a","n/a","n/a","n/a","n/a","n/a","n/a","n/a","n/a","n/a","n/a","n/a","n/a","n/a","n/a","n/a","n/a","n/a","n/a","n/a","n/a","n/a","n/a","n/a","n/a","n/a","n/a","n/a","n/a","n/a","n/a","n/a","n/a","n/a","n/a","n/a","n/a","n/a","n/a","1890","1200","1","False","False","True","True","False","True","n/a","n/a","n/a","n/a","3","2","n/a","2","n/a","n/a","n/a","n/a","n/a","n/a","n/a","n/a","n/a","n/a","n/a","n/a","n/a","n/a","n/a","n/a","n/a","n/a","n/a","n/a","n/a","n/a","n/a","n/a","n/a","n/a","n/a","n/a","n/a","n/a","n/a","n/a","n/a","n/a","n/a","n/a","n/a","96","1","2"
"2024-11-21","Kazo","T","MCC_297",1,"Male","6","Manager","0","0","0","0","0","1","1","1","40","1","0","1","2","1","3","1","1","1","1","n/a","2","1","1","1","False","False","True","True","False","False","3","3","3","1","1","1","20","900","12","1100","30","1025","4000","1","1","1","1","False","False","False","True","True","False","False","5","1","False","True","False","False","False","False","1","n/a","False","True","False","False","False","False","True","False","False","False","False","False","False","False","False","n/a","n/a","n/a","n/a","n/a","n/a","n/a","n/a","n/a","n/a","n/a","n/a","n/a","n/a","n/a","n/a","n/a","4200","1025","1","True","True","True","True","False","False","2","8.4","2","4","1","1","25","1","n/a","n/a","n/a","n/a","n/a","n/a","n/a","n/a","n/a","n/a","n/a","n/a","n/a","n/a","n/a","n/a","n/a","n/a","n/a","n/a","n/a","n/a","n/a","n/a","n/a","n/a","n/a","n/a","n/a","n/a","n/a","n/a","n/a","n/a","n/a","n/a","n/a","n/a","n/a","n/a","n/a","n/a","n/a","n/a","n/a","n/a","n/a","n/a","n/a","n/a","n/a","1","25","2","1","2","1"
"2024-11-21","Kazo","C","MCC_33",1,"Female","5","Manager","0","4","0","1","0","1","1","3","12","2","0","1","4","2","1","2","n/a","n/a","n/a","n/a","2","2","n/a","n/a","False","False","True","False","False","False","1","1","3","1","1","3","100","2400","80","1900","100","1000","2500","1","3","3","2","n/a","n/a","n/a","n/a","n/a","n/a","n/a","5","1","False","False","True","False","False","False","1","n/a","False","False","True","False","False","False","n/a","n/a","n/a","n/a","n/a","n/a","n/a","n/a","n/a","n/a","n/a","n/a","n/a","n/a","n/a","n/a","n/a","n/a","n/a","n/a","n/a","n/a","n/a","n/a","n/a","n/a","n/a","n/a","n/a","n/a","n/a","n/a","n/a","n/a","n/a","n/a","n/a","n/a","n/a","n/a","n/a","n/a","n/a","4000","1200","1","False","False","True","True","False","False","n/a","n/a","n/a","n/a","1","2","n/a","2","n/a","n/a","n/a","n/a","n/a","n/a","n/a","n/a","n/a","n/a","n/a","n/a","n/a","n/a","n/a","n/a","n/a","n/a","n/a","n/a","n/a","n/a","n/a","n/a","n/a","n/a","n/a","n/a","n/a","n/a","n/a","n/a","n/a","n/a","n/a","n/a","n/a","1","2","2"
"2024-11-22","Kazo","C","MCC_35",1,"Male","6","Manager","0","1","1","0","0","1","2","1","0","2","0","2","2","2","1","2","n/a","n/a","n/a","n/a","2","2","n/a","n/a","False","False","True","False","True","False","1","3","3","1","1","1","103","3000","90","2600","103","1000","3000","1","3","3","2","n/a","n/a","n/a","n/a","n/a","n/a","n/a","5","1","False","False","True","False","False","False","1","n/a","False","False","True","False","False","False","n/a","n/a","n/a","n/a","n/a","n/a","n/a","n/a","n/a","n/a","n/a","n/a","n/a","n/a","n/a","n/a","n/a","n/a","n/a","n/a","n/a","n/a","n/a","n/a","n/a","n/a","n/a","n/a","n/a","n/a","n/a","n/a","n/a","n/a","n/a","n/a","n/a","n/a","n/a","n/a","n/a","n/a","n/a","5960","1250","1","False","False","True","True","False","False","n/a","n/a","n/a","n/a","3","2","n/a","2","n/a","n/a","n/a","n/a","n/a","n/a","n/a","n/a","n/a","n/a","n/a","n/a","n/a","n/a","n/a","n/a","n/a","n/a","n/a","n/a","n/a","n/a","n/a","n/a","n/a","n/a","n/a","n/a","n/a","n/a","n/a","n/a","n/a","n/a","n/a","n/a","n/a","1","2","2"
"2024-11-23","Mbarara","T","MCC_77",1,"Male","6","Manager","0","0","0","0","0","1","1","2","6","1","0","0","2","2","1","1","1","1","1","n/a","1","1","1","2","False","True","False","False","False","False","3","3","3","3","1","1","25","600","25","300","25","1000","800","1","2","1","2","n/a","n/a","n/a","n/a","n/a","n/a","n/a","5","1","False","True","False","False","False","False","1","n/a","False","True","False","False","False","False","True","False","False","False","False","False","False","False","False","n/a","n/a","n/a","n/a","n/a","n/a","n/a","n/a","n/a","n/a","n/a","n/a","n/a","n/a","n/a","n/a","n/a","800","1150","1","True","True","False","True","False","False","2","8.2","2","3.7","1","1","10","2","n/a","n/a","n/a","n/a","n/a","n/a","n/a","n/a","n/a","n/a","n/a","n/a","n/a","n/a","n/a","n/a","n/a","n/a","n/a","n/a","n/a","n/a","n/a","n/a","n/a","n/a","n/a","n/a","n/a","n/a","n/a","n/a","n/a","n/a","n/a","n/a","n/a","n/a","n/a","n/a","n/a","n/a","n/a","n/a","n/a","n/a","n/a","n/a","n/a","n/a","n/a","2","n/a","n/a","1","2","2"
"2024-11-22","Kiruhura","C","MCC_146",1,"Female","6","Manager","1","1","1","0","2","3","4","2","20","2","0","2","5","1","2","1","1","2","2","n/a","1","1","2","1","False","False","True","False","True","False","1","1","1","3","1","1","120","6000","80","2000","130","1100","3000","2","1","2","2","n/a","n/a","n/a","n/a","n/a","n/a","n/a","5","1","False","False","True","False","False","False","2","6","False","False","True","False","False","False","n/a","n/a","n/a","n/a","n/a","n/a","n/a","n/a","n/a","n/a","n/a","n/a","n/a","n/a","n/a","n/a","n/a","n/a","n/a","n/a","n/a","n/a","n/a","n/a","n/a","n/a","n/a","n/a","n/a","n/a","n/a","n/a","n/a","n/a","n/a","n/a","n/a","n/a","n/a","n/a","n/a","n/a","n/a","3000","1200","1","False","True","False","False","False","False","n/a","n/a","2","999","1","2","n/a","2","n/a","n/a","n/a","n/a","n/a","n/a","n/a","n/a","n/a","n/a","n/a","n/a","n/a","n/a","n/a","n/a","n/a","n/a","n/a","n/a","n/a","n/a","n/a","n/a","n/a","n/a","n/a","n/a","n/a","n/a","n/a","n/a","n/a","n/a","n/a","n/a","n/a","4","2","2"
"2024-11-23","Kiruhura","T","MCC_614",1,"Male","4","Manager","1","0","0","0","0","1","1","2","0","2","0","2","2","0","3","1","2","n/a","n/a","n/a","2","1","1","4","False","False","True","False","False","False","1","1","3","3","1","3","70","3200","30","800","46","1100","1300","1","3","1","2","n/a","n/a","n/a","n/a","n/a","n/a","n/a","5","1","False","False","True","False","False","False","1","n/a","False","False","True","False","False","False","n/a","n/a","n/a","n/a","n/a","n/a","n/a","n/a","n/a","n/a","n/a","n/a","n/a","n/a","n/a","n/a","n/a","n/a","n/a","n/a","n/a","n/a","n/a","n/a","n/a","n/a","n/a","n/a","n/a","n/a","n/a","n/a","n/a","n/a","n/a","n/a","n/a","n/a","n/a","n/a","n/a","n/a","n/a","1200","1200","1","False","False","True","False","False","False","n/a","n/a","n/a","n/a","3","1","100","2","n/a","n/a","n/a","n/a","n/a","n/a","n/a","n/a","n/a","n/a","n/a","n/a","n/a","n/a","n/a","n/a","n/a","n/a","n/a","n/a","n/a","n/a","n/a","n/a","n/a","n/a","n/a","n/a","n/a","n/a","n/a","n/a","n/a","n/a","2","n/a","n/a","1","2","2"
"2024-11-24","Kiruhura","T","MCC_542",1,"Male","2","Manager","1","0","0","0","0","1","3","0","6","2","0","1","2","0","1","1","1","1","1","n/a","2","1","1","1","False","False","True","True","False","False","1","1","3","3","1","1","20","1800","5","1000","15","1100","1600","1","3","1","2","n/a","n/a","n/a","n/a","n/a","n/a","n/a","5","1","False","False","True","False","False","False","1","n/a","False","False","True","False","False","False","n/a","n/a","n/a","n/a","n/a","n/a","n/a","n/a","n/a","n/a","n/a","n/a","n/a","n/a","n/a","n/a","n/a","n/a","n/a","n/a","n/a","n/a","n/a","n/a","n/a","n/a","n/a","n/a","n/a","n/a","n/a","n/a","n/a","n/a","n/a","n/a","n/a","n/a","n/a","n/a","n/a","n/a","n/a","2000","1200","1","True","True","True","True","False","False","2","8.9","2","3.9","3","2","n/a","2","n/a","n/a","n/a","n/a","n/a","n/a","n/a","n/a","n/a","n/a","n/a","n/a","n/a","n/a","n/a","n/a","n/a","n/a","n/a","n/a","n/a","n/a","n/a","n/a","n/a","n/a","n/a","n/a","n/a","n/a","n/a","n/a","n/a","n/a","n/a","n/a","n/a","1","2","2"
"2024-11-23","Kiruhura","C","MCC_414",1,"Male","5","Manager","1","0","0","2","0","1","1","2","50","2","0","2","3","0","3","1","1","1","1","n/a","2","1","2","2","False","False","True","False","False","False","1","3","3","3","1","3","80","6000","80","3200","80","1200","6000","1","2","1","1","True","True","True","True","True","False","False","5","1","False","False","True","False","False","False","2","4","False","False","True","False","False","False","n/a","n/a","n/a","n/a","n/a","n/a","n/a","n/a","n/a","n/a","n/a","n/a","n/a","n/a","n/a","n/a","n/a","n/a","n/a","n/a","n/a","n/a","n/a","n/a","n/a","n/a","n/a","n/a","n/a","n/a","n/a","n/a","n/a","n/a","n/a","n/a","n/a","n/a","n/a","n/a","n/a","n/a","n/a","6000","1300","1","False","True","True","False","False","True","n/a","n/a","96","3.6","1","1","50","2","n/a","n/a","n/a","n/a","n/a","n/a","n/a","n/a","n/a","n/a","n/a","n/a","n/a","n/a","n/a","n/a","n/a","n/a","n/a","n/a","n/a","n/a","n/a","n/a","n/a","n/a","n/a","n/a","n/a","n/a","n/a","n/a","n/a","n/a","2","n/a","n/a","96","1","2"
"2024-11-24","Kiruhura","T","MCC_700",1,"Male","4","Manager","1","0","0","1","0","1","1","1","7","2","0","1","1","0","3","1","1","2","3","n/a","2","1","1","2","False","False","True","True","False","False","1","3","3","3","2","3","18","1500","18","800","18","1050","800","1","3","1","2","n/a","n/a","n/a","n/a","n/a","n/a","n/a","5","2","False","True","False","False","False","False","1","n/a","False","True","False","False","False","False","True","True","False","False","False","False","False","False","False","n/a","n/a","n/a","n/a","n/a","n/a","n/a","n/a","n/a","n/a","n/a","n/a","n/a","n/a","n/a","n/a","n/a","1500","1200","1","False","True","True","False","False","False","n/a","n/a","2","3.6","1","2","n/a","2","n/a","n/a","n/a","n/a","n/a","n/a","n/a","n/a","n/a","n/a","n/a","n/a","n/a","n/a","n/a","n/a","n/a","n/a","n/a","n/a","n/a","n/a","n/a","n/a","n/a","n/a","n/a","n/a","n/a","n/a","n/a","n/a","n/a","n/a","n/a","n/a","n/a","n/a","n/a","n/a","n/a","n/a","n/a","n/a","n/a","n/a","n/a","n/a","n/a","n/a","n/a","n/a","n/a","n/a","96","1","1"
"2024-11-22","Kiruhura","T","MCC_546",1,"Male","5","Manager","1","0","0","0","0","1","1","1","1","2","0","4","3","0","3","1","1","1","1","n/a","2","1","1","1","False","False","True","True","True","False","1","1","3","3","2","3","45","1900","45","1000","45","1100","1900","1","2","1","2","n/a","n/a","n/a","n/a","n/a","n/a","n/a","5","1","False","False","True","False","False","False","1","n/a","False","False","True","False","False","False","n/a","n/a","n/a","n/a","n/a","n/a","n/a","n/a","n/a","n/a","n/a","n/a","n/a","n/a","n/a","n/a","n/a","n/a","n/a","n/a","n/a","n/a","n/a","n/a","n/a","n/a","n/a","n/a","n/a","n/a","n/a","n/a","n/a","n/a","n/a","n/a","n/a","n/a","n/a","n/a","n/a","n/a","n/a","1900","1150","1","True","True","True","False","False","False","2","8.6","2","3.6","1","2","n/a","2","n/a","n/a","n/a","n/a","n/a","n/a","n/a","n/a","n/a","n/a","n/a","n/a","n/a","n/a","n/a","n/a","n/a","n/a","n/a","n/a","n/a","n/a","n/a","n/a","n/a","n/a","n/a","n/a","n/a","n/a","n/a","n/a","n/a","n/a","n/a","n/a","n/a","1","1","2"
"2024-11-21","Kiruhura","C","MCC_410",1,"Female","6","Treasurer_accountant","0","1","0","0","0","1","1","1","9","1","0","1","5","0","1","1","1","2","1","n/a","2","1","1","2","False","False","True","False","True","False","1","1","1","3","1","1","80","2900","80","2000","80","1100","2800","2","2","2","2","n/a","n/a","n/a","n/a","n/a","n/a","n/a","5","1","False","False","True","False","False","False","1","n/a","False","False","True","True","False","False","n/a","n/a","n/a","n/a","n/a","n/a","n/a","n/a","n/a","n/a","n/a","n/a","n/a","n/a","n/a","n/a","n/a","n/a","n/a","n/a","n/a","n/a","n/a","n/a","n/a","n/a","n/a","n/a","n/a","n/a","n/a","n/a","n/a","n/a","n/a","n/a","n/a","n/a","n/a","n/a","n/a","n/a","n/a","2906","1200","1","False","False","True","False","False","False","n/a","n/a","n/a","n/a","1","2","n/a","1","999","1500","1","True","True","False","False","False","False","2","999","2","999","1","2","n/a","2","n/a","n/a","n/a","n/a","n/a","n/a","n/a","n/a","n/a","n/a","n/a","n/a","n/a","n/a","n/a","n/a","n/a","n/a","n/a","n/a","3","2","2"
